브랜드,시군구별,도로명주소,사업장명,위도,경도
투썸플레이스,구로구,"서울특별시 구로구 구로중앙로 217, 1층 103호 (구로동)",투썸플레이스 오금교이안과점,37.50505653385178,126.87393928054459
투썸플레이스,송파구,"서울특별시 송파구 백제고분로 227, 1층 (삼전동)",투썸플레이스 삼전하나점,37.5034881602964,127.08901457061765
투썸플레이스,강동구,"서울특별시 강동구 천호대로157길 19, 2층 (천호동)",투썸플레이스 천호로데오점,37.538822954083386,127.12414201647428
투썸플레이스,중랑구,"서울특별시 중랑구 상봉로 134, 1층 102~104호 (망우동, 삼부)",투썸플레이스 망우역사거리점,37.598072153564274,127.0904359207846
투썸플레이스,마포구,"서울특별시 마포구 신촌로 74, 2층 (노고산동)",투썸플레이스 신촌대로점,37.55584556611066,126.9311175200915
투썸플레이스,서초구,"서울특별시 서초구 방배천로2길 5, 1층 (방배동)",투썸플레이스 사당역 로데오점,37.477262082796464,126.98029647242075
투썸플레이스,은평구,"서울특별시 은평구 은평로 194, 1~2층 103, 205호 (응암동, 더 위일)",투썸플레이스 은평구청점,37.60116634209679,126.9263852408816
투썸플레이스,서대문구,"서울특별시 서대문구 연세로 50-1, 세브란스병원 3층 (신촌동)",투썸플레이스 세브란스병원점,37.564699643128776,126.936606980484
투썸플레이스,양천구,"서울특별시 양천구 목동서로 349, 센트럴프라자 지하 1층 (신정동)",투썸플레이스양천구청점,37.517494195679944,126.86260756489663
투썸플레이스,마포구,"서울특별시 마포구 월드컵로 155, 가은빌딩 1층 1호 (망원동)",투썸플레이스 마포망원점,37.56137456228889,126.9020181739286
투썸플레이스,송파구,"서울특별시 송파구 위례서로 248, L03,04,05,103,104,105,107호 (거여동)",투썸플레이스 위례세계로병원점,37.48661303923191,127.13936605683291
투썸플레이스,중구,"서울특별시 중구 다산로 185, 1층 (신당동)",투썸플레이스 청구역점,37.56016495760603,127.01051042128157
투썸플레이스,양천구,"서울특별시 양천구 오목로 147, 1층 105~107호 (신정동, 제이클래스목동주상복합)",투썸플레이스 신정역점,37.525036662725135,126.85073579649396
투썸플레이스,동대문구,"서울특별시 동대문구 이문로 104, 사오월빌딩 1층~4층 (이문동)",투썸플레이스 한국외대점,37.59596358586713,127.05728554302301
투썸플레이스,성동구,"서울특별시 성동구 천호대로 416, 101호. 201호. 202호 (용답동, 힐데스하임)",투썸플레이스 장한평역점,37.561013037715746,127.06221477421307
투썸플레이스,종로구,"서울특별시 종로구 종로 34, 알파빌딩 1층 (서린동)",투썸플레이스 종로 알파빌딩점,37.56984476531598,126.97821944478565
투썸플레이스,은평구,"서울특별시 은평구 서오릉로 165, 1층 104,105,106호 (구산동, 구산주택)",투썸플레이스 구산역점,37.61232013348315,126.91196533288927
투썸플레이스,중구,"서울특별시 중구 남대문로10길 30, 지하1층,지상1층 (수하동)",투썸플레이스 을지로점,37.56748177003669,126.98150948860442
투썸플레이스,강남구,"서울특별시 강남구 광평로56길 8-13, 1층 102,103,104,105,106,107호 (수서동, 수서타워)",투썸플레이스 수서역점,37.486773255310425,127.10028783441743
투썸플레이스,강남구,"서울특별시 강남구 학동로 335, 다른타워 지하1층 (논현동)",투썸플레이스 강남구청역점,37.51697872387772,127.0367637410959
투썸플레이스,강남구,"서울특별시 강남구 테헤란로87길 35, 씨엔드에치빌딩 지상1층 (삼성동)",투썸플레이스 삼성도심공항점,37.50989202455517,127.0546242613341
투썸플레이스,서초구,"서울특별시 서초구 서운로 7, 특수건설빌딩 1층 (서초동)",투썸플레이스 서초구청점,37.48470044837487,127.02653545509065
투썸플레이스,강남구,"서울특별시 강남구 압구정로 158, 진우빌딩 1층 (신사동)",투썸플레이스 압구정역점,37.5261652824937,127.02410927469484
투썸플레이스,서초구,"서울특별시 서초구 서초중앙로 238, 2층 251호 (반포동)",투썸플레이스 삼호가든사거리점,37.502953280604835,127.00917359286356
투썸플레이스,영등포구,"서울특별시 영등포구 국회대로70길 15-1, 극동브이아이피빌딩 1층 102호 (여의도동)",투썸플레이스서여의도점,37.529578992108306,126.91739052649974
투썸플레이스,서초구,"서울특별시 서초구 강남대로 315, 파이낸셜뉴스빌딩 1층 (서초동)",투썸플레이스 파이낸셜뉴스빌딩점,37.491130793920654,127.02743348764866
투썸플레이스,강남구,"서울특별시 강남구 영동대로 704, 삼강빌딩 지상1층 (청담동)",투썸플레이스 청담역점,37.52061190619386,127.05450346843143
투썸플레이스,동작구,"서울특별시 동작구 보라매로5길 43, 1층 121호 (신대방동, 보라매삼성쉐르빌)",투썸플레이스 보라매삼성쉐르빌점,37.491435058236,126.92047761774349
투썸플레이스,양천구,"서울특별시 양천구 오목로 332, 1층 (목동)",투썸플레이스 오목교역점,37.52440477490058,126.87121562851065
투썸플레이스,양천구,"서울특별시 양천구 남부순환로 424, 1층 (신월동)",투썸플레이스 신월 IC DI점,37.529663618736286,126.82914528290198
투썸플레이스,마포구,"서울특별시 마포구 성암로 189, 중소기업 DMC 타워 1층 (상암동)",투썸플레이스 디지털미디어시티역점,37.576730622460936,126.89498662591993
투썸플레이스,마포구,"서울특별시 마포구 독막로 145, 1~2층 (창전동, 서강쌍용예가)",투썸플레이스 광흥창역점,37.54836252178378,126.92654949460758
투썸플레이스,송파구,"서울특별시 송파구 올림픽로 240, 지상1층 (잠실동, 롯데월드어드벤처)",투썸플레이스 롯데월드점,37.51128661063122,127.09504901965838
투썸플레이스,중구,"서울특별시 중구 마른내로 159-4, 1층 101호 (광희동1가)",투썸플레이스 동대문역사공원역점,37.564860939652576,127.00302960718003
투썸플레이스,강동구,"서울특별시 강동구 고덕비즈밸리로2가길 21, 1층 102,103호 (고덕동)",투썸플레이스 고덕비즈밸리점,37.56597050018849,127.15774360567701
투썸플레이스,강남구,"서울특별시 강남구 언주로7길 6, 지상1층 106,107,107-1,108,108-1,109호 (개포동, 개포자이르네)",투썸플레이스 개포언주로점,37.478460178456906,127.05244470010378
투썸플레이스,성북구,"서울특별시 성북구 고려대로26길 42-15, 1~3층 (안암동5가)",투썸플레이스 고대참살이길점,37.58419571106803,127.02620508193709
투썸플레이스,서초구,"서울특별시 서초구 서초대로 353, 1층 (서초동, 유니온타워)",투썸플레이스 서초유니온타워점,37.49591937477252,127.01702623195382
투썸플레이스,서대문구,"서울특별시 서대문구 연희로 105, 1,2층 (연희동)",투썸플레이스 서대문연희점,37.56744407177794,126.92817513934843
투썸플레이스,금천구,"서울특별시 금천구 벚꽃로24길 26, 에이스 하이엔드타워 클래식 지식산업센터 지상1층 122호,123호,128호 (가산동)",투썸 가산하이엔드클래식점,37.47401548692992,126.88586498187611
투썸플레이스,금천구,"서울특별시 금천구 벚꽃로 254 (가산동, 월드메르디앙벤처센타 지상1층 104,104-1,104-2일부호)",투썸플레이스 가산로데오점,37.477712989540684,126.8824564811471
투썸플레이스,서대문구,"서울특별시 서대문구 거북골로 31-1, 1~3층 (남가좌동)",투썸플레이스 명지대점,37.579518296650534,126.9213137575199
투썸플레이스,강북구,"서울특별시 강북구 삼양로 513, 1층 (수유동)",투썸플레이스 4.19사거리점,37.64869386441944,127.01080924226403
투썸플레이스,중구,"서울특별시 중구 정동길 3, 지상1층 (정동)",투썸플레이스 정동길점,37.56817008709753,126.96710211787529
투썸플레이스,중구,"서울특별시 중구 퇴계로 190, 매경미디어센터 1층 (필동1가)",투썸플레이스 매경미디어센터점,37.56048988034658,126.98995198137567
투썸플레이스,중구,"서울특별시 중구 무교로 6 (을지로1가, 금세기빌딩 1층101호)",투썸플레이스시청점,37.566485226934304,126.97661441472987
투썸플레이스,중구,"서울특별시 중구 다산로 111 (신당동, 한미빌딩 1층)",투썸플레이스 약수역점,37.55396745426393,127.00694511475395
투썸플레이스,용산구,"서울특별시 용산구 한강대로 366, 1층 (동자동)",투썸플레이스용산트윈시티점,37.550861828573034,126.96989417314894
투썸플레이스,송파구,"서울특별시 송파구 올림픽로 240, 롯데월드 매직아일랜드동 15호 (잠실동)",투썸플레이스 롯데월드 매직아일랜드점,37.51128661063122,127.09504901965838
투썸플레이스,동대문구,"서울특별시 동대문구 왕산로 91, 메트로폴 스위트 1층 101호 (제기동)",투썸플레이스 제기동역점,37.5785403214985,127.03060233209777
투썸플레이스,동대문구,"서울특별시 동대문구 답십리로 150, 1층 (답십리동)",투썸플레이스답십리사거리,37.572615281779726,127.05370443013796
투썸플레이스,강북구,"서울특별시 강북구 도봉로 295, 1,2층 (수유동)",투썸플레이스 수유사거리점,37.634928502098624,127.02004666277853
투썸플레이스,양천구,"서울특별시 양천구 공항대로 630, 101호 (목동, 어바니엘)",투썸플레이스 염창역점,37.546668072446266,126.87193822365276
투썸플레이스,양천구,"서울특별시 양천구 신월로 385, 1,2층 (신정동)",투썸플레이스 남부지방법원점,37.522623316043216,126.8608948182503
투썸플레이스,용산구,"서울특별시 용산구 한강대로 280-1, 1층 제1호 (남영동)",투썸플레이스숙대입구역점,37.543362662305725,126.97011829595331
투썸플레이스,금천구,"서울특별시 금천구 시흥대로 422, 지상1층 (독산동, 금형회관)",투썸플레이스 독산사거리점,37.47114714619987,126.89576650573386
투썸플레이스,노원구,"서울특별시 노원구 노원로 238, 1층 (하계동)",투썸플레이스 노원하계1동점,37.63925972151949,127.0719125935665
투썸플레이스,영등포구,"서울특별시 영등포구 국회대로62길 15, 1층 1호 (여의도동)",투썸플레이스 여의도광복회관점,37.52723312318768,126.91389847599216
투썸플레이스,강동구,서울특별시 강동구 성안로 150 (길동),투썸플레이스 강동성심병원점,37.536123762272126,127.13235402683297
투썸플레이스,강동구,"서울특별시 강동구 고덕로 390, 고덕아르테온아파트(상가1동) 2층 202, 203호 (상일동)",투썸플레이스 상일동역점,37.555186522317065,127.16574100369009
투썸플레이스,강동구,"서울특별시 강동구 천호대로 1077, 1층 (천호동, 래미안강동팰리스)",투썸플레이스 강동역점,37.537234243834,127.12907759523299
투썸플레이스,강동구,"서울특별시 강동구 올림픽로 778, 2층 (암사동)",투썸플레이스 암사역점,37.55038024190473,127.12503287784187
투썸플레이스,강동구,서울특별시 강동구 성내로 48 (성내동),투썸플레이스 강동구청점,37.5285307601219,127.12225827601803
투썸플레이스,강동구,"서울특별시 강동구 양재대로 1571, 4층 (천호동)",CGV천호 투썸플러스,37.54571781018573,127.13936069119111
투썸플레이스,강동구,"서울특별시 강동구 양재대로 1539, 106,107,108호 (천호동)",투썸플레이스 굽은다리역점,37.54316716986175,127.13880907890527
투썸플레이스,강동구,"서울특별시 강동구 천호대로 1207, 1,2층 (길동)",투썸플레이스 길동점,37.53550759416477,127.14221018760908
투썸플레이스,강동구,"서울특별시 강동구 양재대로 1461, SC MEDI TOWER 1층 (길동)",투썸플레이스 강동길동역점,37.53637566059412,127.13617481432534
투썸플레이스,서초구,"서울특별시 서초구 서초대로1길 11, 1층,2층 (방배동)",투썸플레이스 방배이수점,37.48750670590915,126.9801380906629
투썸플레이스,강서구,"서울특별시 강서구 화곡로 228, 대원빌딩 1층 (화곡동)",투썸플레이스 강서화곡로,37.54539367239836,126.84207608891818
투썸플레이스,송파구,"서울특별시 송파구 동남로 236, 1층 (가락동)",투썸플레이스 송파개롱역점,37.4974962270176,127.13066623691223
투썸플레이스,중구,"서울특별시 중구 장충단로 275, 4층 (을지로6가)",투썸플레이스 두타몰점,37.56881406273792,127.00586237502509
투썸플레이스,서대문구,"서울특별시 서대문구 통일로 397, B403~B408호 (홍제동, 인왕산 한신휴플러스)",투썸플레이스 홍제삼거리점,37.585209523877886,126.94447484396845
투썸플레이스,구로구,"서울특별시 구로구 새말로 19, 1층 (구로동)",투썸플레이스 구로역점,37.50230517125871,126.8800711670258
투썸플레이스,송파구,"서울특별시 송파구 올림픽로 424, 올림픽공원 평화의광장  비1동 (방이동)",투썸플레이스 올림픽 평화의문점,37.52103149390251,127.11327502524524
투썸플레이스,송파구,"서울특별시 송파구 위례성대로18길 28-20, 1층 (방이동)",투썸플레이스 송파방이역점,37.51026478400664,127.12112882930909
투썸플레이스,송파구,"서울특별시 송파구 올림픽로 424, 올림픽공원 만남의광장 B구역 A-3동 (방이동)",투썸플레이스 올림픽공원역점,37.52103149390251,127.11327502524524
투썸플레이스,마포구,"서울특별시 마포구 마포대로 44, 지상2층 1-1호 (도화동)",투썸플레이스 마포역점,37.539954699216004,126.94416627302871
투썸플레이스,금천구,"서울특별시 금천구 가산디지털1로 19, 지상1층 104호 (가산동, 대륭테크노타운18차)",투썸플레이스 가산대륭18차점,37.46760245680254,126.8836148384644
투썸플레이스,강서구,"서울특별시 강서구 공항대로 519, 1층 (등촌동, 1동)",투썸플레이스 등촌역점,37.551767247060454,126.86126125279854
투썸플레이스,은평구,"서울특별시 은평구 통일로 829, 연신엘피스 1~2층 (대조동)",도담테크(주)투썸플레이스 연신내엘피스점,37.617473088844235,126.9193012146442
투썸플레이스,성동구,"서울특별시 성동구 용답길 85, 1, 2, 3층 (용답동)",투썸플레이스 용답역점,37.562371198617576,127.04863751918086
투썸플레이스,종로구,"서울특별시 종로구 새문안로 58, LG광화문빌딩 지하1층 B105호 (신문로2가)",투썸플레이스 LG광화문빌딩점,37.5693471797782,126.96861764438721
투썸플레이스,종로구,"서울특별시 종로구 난계로 241, 1층 (숭인동)",투썸 플레이스(신설IBC호텔점),37.57325672151541,127.01996342970766
투썸플레이스,종로구,"서울특별시 종로구 종로 72, 지상 2~4층 (종로2가)",투썸플레이스 종각역점,37.569952084613234,126.98249845151905
투썸플레이스,종로구,서울특별시 종로구 종로5길 58 (수송동),투썸플레이스 종로구청점,37.57292968953161,126.97757676876927
투썸플레이스,종로구,"서울특별시 종로구 새문안로 85, 1~3층 (신문로1가)",투썸플레이스광화문,37.570419955159736,126.97122867881826
투썸플레이스,종로구,"서울특별시 종로구 대명길 28, 지상8층 (명륜2가, 대학로CGV)",투썸플레이스 씨지브이 대학로,37.58346398500983,126.9969561387795
투썸플레이스,종로구,"서울특별시 종로구 종로 201-1, 1층 (종로4가)",투썸플레이스 종로5가역점,37.57115602346413,126.9971800715948
투썸플레이스,종로구,"서울특별시 종로구 종로 335, 원풍빌딩 1층 (창신동)",투썸플레이스 동묘앞역점,37.57315095746324,127.01191975068583
투썸플레이스,종로구,"서울특별시 종로구 청계천로 17, 지하1, 지상1~3층 (서린동)",투썸플레이스 서린동청계광장점,37.56940900104214,126.97661673958066
투썸플레이스,중구,"서울특별시 중구 동호로 330, 1층 (쌍림동)",투썸플레이스 제일제당사옥점,37.56387620892994,127.00038090162771
투썸플레이스,중구,"서울특별시 중구 남대문로 120, 1층 (남대문로1가)",투썸플레이스 청계천광교,37.56793781611312,126.98015280203649
투썸플레이스,강동구,"서울특별시 강동구 동남로71길 14, 한양빌딩 1층 (명일동)",투썸플레이스 고덕점,37.551965254997064,127.15246809371267
투썸플레이스,중구,"서울특별시 중구 퇴계로 137, 1층 (충무로2가)",투썸플레이스 명동L7점,37.56136505315929,126.98409000549336
투썸플레이스,중구,"서울특별시 중구 마른내로 6, 1,2,3층 (저동2가)",투썸플레이스,37.564465408547825,126.98574820496277
투썸플레이스,중구,"서울특별시 중구 남대문로 92, 한국전력공사 2층 (을지로2가)",투썸플레이스 을지로입구역점,37.56522212486228,126.98039513420251
투썸플레이스,중구,"서울특별시 중구 세종대로 67, 18층 (태평로2가)",투썸플레이스 삼성카드사옥점,37.5623849817916,126.97256123900895
투썸플레이스,중구,"서울특별시 중구 세종대로14길 15, 1층 (북창동)",투썸플레이스,37.56295941542959,126.97462169697819
투썸플레이스,중구,"서울특별시 중구 퇴계로 206, 1,2층 (필동2가)",투썸플레이스 충무로역점,37.56114076709305,126.99193618354361
투썸플레이스,중구,"서울특별시 중구 수표로 24 (저동2가,1층)",투썸플레이스(중부점),37.5633551441532,126.98757913896291
투썸플레이스,중구,"서울특별시 중구 청계천로 30 (다동,지상1층)",투썸플레이스예금보험공사점,37.56852313008292,126.97786227871222
투썸플레이스,중구,"서울특별시 중구 세종대로5길 22 (봉래동1가,1층)",투썸플레이스(중구YTN3점),37.55898417943852,126.97000580329619
투썸플레이스,중구,"서울특별시 중구 세종대로 135-9 (태평로1가, 1층, 2층)",투썸플레이스 광화문역점,37.56882941466425,126.97342381947898
투썸플레이스,중구,"서울특별시 중구 서소문로 50, CENTRAL PLACE 1층 (중림동)",투썸플레이스 충정로센트럴플레이스,37.56090184221349,126.96412533009915
투썸플레이스,중구,"서울특별시 중구 통일로 114, 바비엥-2 1층 105-1호 (의주로1가)",투썸플레이스(서대문역 바비엥점),37.56528606798798,126.9650589689139
투썸플레이스,중구,"서울특별시 중구 소월로2길 12, 제일빌딩 2층 (남대문로5가)",투썸플레이스 CJ더센터점,37.554539322538396,126.97302629592669
투썸플레이스,용산구,서울특별시 용산구 청파로 311 (청파동1가),투썸플레이스 용산청파삼거리,37.547621475180826,126.96771103261315
투썸플레이스,용산구,"서울특별시 용산구 한강대로23길 55, 6층 (한강로3가, 아이파크몰 동관)",투썸플레이스용산아이파크몰점,37.52955742629946,126.96126654339973
투썸플레이스,용산구,"서울특별시 용산구 청파로47길 49 (청파동3가,(지상1,2층))",투썸플레이스(숙대점),37.54457094120352,126.96462727426967
투썸플레이스,성동구,"서울특별시 성동구 금호로 40, 상가동 26호,27호 (금호동4가)",투썸플레이스 금호힐스테이트,37.54561942292333,127.02266039295158
투썸플레이스,성동구,"서울특별시 성동구 독서당로40길 39, 지하2층 204호 (옥수동)",투썸플레이스 옥수역점,37.5423086500619,127.01530160912992
투썸플레이스,성동구,"서울특별시 성동구 독서당로 223, B401,B402호 (옥수동)",투썸플레이스옥수리버젠점,37.54496004012126,127.01095614391224
투썸플레이스,성동구,"서울특별시 성동구 연무장5가길 25, 성수역 SK V1 Tower 1층 113,114호 (성수동2가)",투썸플레이스 성수SK V타워점,37.54358062984534,127.05275365149679
투썸플레이스,성동구,"서울특별시 성동구 왕십리로 58, 1,2층 101,201호 (성수동1가)",투썸플레이스 서울숲역점,37.542663079123955,127.04230845919959
투썸플레이스,성동구,"서울특별시 성동구 아차산로17길 49, A동 1층 112,113,114,115호 (성수동2가)",투썸플레이스 성수낙낙점,37.54657298913647,127.06170477298011
투썸플레이스,광진구,"서울특별시 광진구 능동로 209, 세종대학교대양AI센터 1층 (군자동)",투썸플레이스세종대학교점,37.550692640765995,127.07122888474129
투썸플레이스,광진구,"서울특별시 광진구 능동로 289 (군자동,(1층))",투썸플레이스 군자역점,37.55578984807141,127.07544816392478
투썸플레이스,광진구,"서울특별시 광진구 능동로13길 5, 1,2층 (화양동)",투썸플레이스건대입구점,37.54240466259551,127.06840761709259
투썸플레이스,광진구,"서울특별시 광진구 강변역로 50, 3층 (구의동, 동서울터미널)",투썸플레이스동서울터미널,37.53391763114717,127.09069544781913
투썸플레이스,광진구,"서울특별시 광진구 천호대로 642, 1-2층 (능동)",투썸플레이스아차산역점,37.55330281476182,127.08527633141225
투썸플레이스,광진구,"서울특별시 광진구 광나루로56길 85, 10층 (구의동)",투썸플레이스 강변씨지브이,37.53569970282233,127.09287476255793
투썸플레이스,광진구,"서울특별시 광진구 자양로 116, 1층 102,103,103-1,105,106,107,108호 (구의동, 웰츠타워)",투썸플레이스(A TWOSOME PLACE)구의역점,37.53822664301878,127.08097890094693
투썸플레이스,광진구,"서울특별시 광진구 구의강변로 53, 지하1~1층 B101,101호 (구의동, 옥산그린타워)",투썸플레이스강변역점,37.53573774991012,127.08900402750909
투썸플레이스,광진구,"서울특별시 광진구 능동로 90, 1층 (자양동)",투썸플레이스,37.53878862201067,127.06824670575458
투썸플레이스,서대문구,"서울특별시 서대문구 가좌로 143, 2층 (홍은동)",투썸플레이스 서대문홍은,37.58466860830157,126.92059838107309
투썸플레이스,동대문구,"서울특별시 동대문구 경희대로 7-1, 지하1층~지상3층 (회기동)",투썸플레이스경희대점,37.59230577034715,127.04933438584449
투썸플레이스,동대문구,"서울특별시 동대문구 답십리로 273, 한양빌딩 1층 (장안동)",투썸플레이스 장안동사거리점,37.57270317852387,127.06792117798662
투썸플레이스,동대문구,"서울특별시 동대문구 망우로 86, 1~2층 (휘경동)",투썸플레이스 휘경점,37.590054892224316,127.05994412191976
투썸플레이스,중구,"서울특별시 중구 퇴계로 447, 1층 125~129호 (황학동, 황학 아크로타워)",투썸플레이스 황학 신당역점,37.56617154189499,127.01901932619602
투썸플레이스,동대문구,"서울특별시 동대문구 고미술로 81, 1층 (답십리동)",투썸플레이스(TWOSOME PLACE),37.565600716895446,127.05286160029324
투썸플레이스,중랑구,"서울특별시 중랑구 면목로 301, 1층 (면목동)",투썸플레이스,37.579389372262796,127.08397201131088
투썸플레이스,중랑구,"서울특별시 중랑구 망우로 308, 지상 1, 2층 (상봉동)",투썸플레이스 상봉역점,37.59646538291728,127.08390152589287
투썸플레이스,중랑구,서울특별시 중랑구 신내로 201 (신내동),투썸플레이스 신내홈플러스점,37.615794631141604,127.09087324169832
투썸플레이스,중랑구,"서울특별시 중랑구 동일로 932, 1층 2-108,2-109호 (묵동, 묵동자이2단지)",투썸플레이스 묵동자이점,37.613845887264716,127.07466258161615
투썸플레이스,중랑구,"서울특별시 중랑구 망우로 403, 삼부빌딩 1층 (망우동)",투썸플레이스 망우점,37.599555718516385,127.09403784670653
투썸플레이스,중랑구,"서울특별시 중랑구 면목로 249, 1~2층 (면목동)",투썸플레이스 용마산역점,37.57529517482035,127.08244112449934
투썸플레이스,중랑구,"서울특별시 중랑구 용마산로 637, 1,2층 (신내동)",투썸플레이스 신내점,37.6080173798346,127.09761062453967
투썸플레이스,중랑구,"서울특별시 중랑구 용마산로 384, 지층 (면목동)",투썸플레이스(서일대점),37.58588192241248,127.09235231491789
투썸플레이스,성북구,"서울특별시 성북구 동소문로20다길 17, 2층 (동선동1가)",투썸플레이스 성신여대점,37.59197049964629,127.0147982833961
투썸플레이스,성북구,"서울특별시 성북구 도봉로 25 (길음동,2,3층)",투썸플레이스 미아삼거리점,37.61151891858836,127.02714370937859
투썸플레이스,성북구,"서울특별시 성북구 안암로 145 (안암동5가, 고려대학교 제3법학관)",투썸플레이스 고려대법학관점,37.58874992983956,127.02948334244012
투썸플레이스,성북구,서울특별시 성북구 화랑로 95 (하월곡동),투썸플레이스,37.60326817083471,127.03956589502492
투썸플레이스,성북구,서울특별시 성북구 아리랑로 8 (동선동4가),투썸플레이스,37.59358497770139,127.01367825307875
투썸플레이스,성북구,"서울특별시 성북구 동소문로 6, 지상1-2층 (동소문동2가)",투썸플레이스 한성대입구역점,37.58859076139422,127.00414253845128
투썸플레이스,성북구,"서울특별시 성북구 안암로 145, 고려대학교안암캠퍼스 SK미래관 지하2층 (안암동5가)",투썸플레이스 고대SK미래관점,37.58874992983956,127.02948334244012
투썸플레이스,성북구,"서울특별시 성북구 종암로 103, 지상1, 2층 (종암동)",투썸플레이스 종암점,37.59935850927483,127.03114948072603
투썸플레이스,성북구,"서울특별시 성북구 보문로 125, 1층 (보문동2가)",투썸플레이스 보문역점(A TWOSOME PLACE 보문역점),37.586121719272704,127.01578002060523
투썸플레이스,성북구,"서울특별시 성북구 화랑로 76, 코업스타클래스 1층 105-2 및 106호 (하월곡동)",투썸플레이스 월곡역 코업스타점,37.60182097691151,127.03755514609662
투썸플레이스,강북구,"서울특별시 강북구 월계로 183, 1층 (번동)",투썸플레이스 북서울꿈의숲점,37.62056371826359,127.04202389730241
투썸플레이스,강북구,"서울특별시 강북구 삼양로 685, 1,2,3층 (우이동)",투썸플레이스 북한산우이역점,37.66375462501848,127.00896391458396
투썸플레이스,도봉구,"서울특별시 도봉구 도봉로 696, 2층 (방학동)",투썸플레이스 방학역점,37.666348127183156,127.04049876314382
투썸플레이스,도봉구,"서울특별시 도봉구 도봉로 482, 지상1,2층 (창동)",투썸플레이스쌍문중앙점,37.64840268718739,127.03231024599839
투썸플레이스,송파구,"서울특별시 송파구 충민로 66, 가든파이브라이프 패션관동 지하1층 1029호 (문정동)",투썸플레이스송파장지역점,37.47764865866291,127.12210616264827
투썸플레이스,도봉구,"서울특별시 도봉구 노해로 381, 지상1층 (창동)",투썸플레이스창동역점,37.65254995690772,127.04757388623554
투썸플레이스,도봉구,"서울특별시 도봉구 노해로65길 14-3, 지상2층 (창동)",투썸플레이스(창동이마트점),37.65207475358135,127.04389599772415
투썸플레이스,도봉구,"서울특별시 도봉구 도봉산4가길 13-11, 1,2,3층 (도봉동)",투썸플레이스 도봉산입구점,37.68761112459602,127.03877252242668
투썸플레이스,도봉구,"서울특별시 도봉구 도봉로 578, 지상1층 (창동)",투썸플레이스(도봉보건소점),37.65623116673383,127.03687460691548
투썸플레이스,노원구,"서울특별시 노원구 동일로243길 13, 대성빌딩 1층 (상계동)",투썸플레이스 수락산역점,37.67823958140985,127.05143529855486
투썸플레이스,노원구,"서울특별시 노원구 한글비석로 242, 삼부프라자 지하1,1층 (중계동)",투썸플레이스 중계은행사거리점,37.64930968296671,127.07407328689588
투썸플레이스,노원구,"서울특별시 노원구 한글비석로 412, 1층 (상계동)",투썸플레이스상계점,37.661411813076064,127.06827218065703
투썸플레이스,노원구,"서울특별시 노원구 석계로1길 10, 2층 (월계동)",투썸플레이스,37.61561425574346,127.0612181746017
투썸플레이스,노원구,"서울특별시 노원구 노해로 449, 덕화빌딩 1,2층 (상계동)",투썸플레이스 노원구청점,37.654046022739166,127.05510908067244
투썸플레이스,노원구,"서울특별시 노원구 동일로 1374, 2층 (상계동)",투썸플레이스상계사거리점,37.651307148138436,127.05889176528446
투썸플레이스,은평구,"서울특별시 은평구 연서로 223, 2,3층 (갈현동)",투썸플레이스연신내점,37.618498569951456,126.916962796808
투썸플레이스,은평구,"서울특별시 은평구 진관길 7, 1층 (진관동)",투썸플레이스 은평한옥마을점,37.64230491756859,126.93641834900646
투썸플레이스,종로구,"서울특별시 종로구 동숭길 123, 드림아트센터 1층 (동숭동)",투썸플레이스 대학로아트점,37.58329408913924,127.00040155981111
투썸플레이스,마포구,"서울특별시 마포구 백범로 116, 동무마포타워 1층 (염리동)",투썸플레이스 대흥역점,37.54678897643214,126.94101244080831
투썸플레이스,은평구,"서울특별시 은평구 은평로 114, 1층 (응암동)",투썸플레이스 은평이마트점,37.59986095978683,126.91754469628665
투썸플레이스,서대문구,"서울특별시 서대문구 통일로 81, 본관1층 (미근동, 임광빌딩)",(주)투썸플레이스 임광빌딩점,37.56234699732482,126.96587443117247
투썸플레이스,서대문구,"서울특별시 서대문구 이화여대길 7, 2층 (대현동)",투썸플레이스 이대역점,37.557234656647445,126.94281002957871
투썸플레이스,서대문구,"서울특별시 서대문구 신촌로 1, 비303호 (창천동)",투썸플레이스 동교동삼거리점,37.55881885691734,126.92446908838625
투썸플레이스,서대문구,"서울특별시 서대문구 연세로 28, 1~4층 (창천동)",투썸플레이스 신촌연세로점,37.55808671879216,126.93424880292258
투썸플레이스,서대문구,"서울특별시 서대문구 모래내로 151, 101동 101호 (남가좌동, 디엠씨엘가)",투썸플레이스 가재울엘가점,37.569952539078976,126.91489511703294
투썸플레이스,마포구,"서울특별시 마포구 양화로 45, 몰동 지하1층 B169,170,171,172호 (서교동, 메세나폴리스)",투썸플레이스 합정메세나폴리스,37.55093476044729,126.91089226733881
투썸플레이스,마포구,"서울특별시 마포구 월드컵로36길 14 (성산동, 104,105,106,107호)",투썸플레이스 마포구청점,37.56595229200234,126.90013307692654
투썸플레이스,마포구,"서울특별시 마포구 양화로 153, 4층 (동교동, 일부)",씨제이씨지브이(주)홍대투썸,37.55642631983436,126.91986835588263
투썸플레이스,마포구,"서울특별시 마포구 월드컵로 62, 1층 (서교동)",투썸플레이스,37.55491777313591,126.90870679866882
투썸플레이스,마포구,"서울특별시 마포구 월드컵북로2길 57, 1층 (동교동)",투썸플레이스,37.557499675941415,126.92040614765035
투썸플레이스,마포구,"서울특별시 마포구 독막로 5 (합정동, 1,2층)",투썸플레이스합정점,37.549052803880116,126.91143308242111
투썸플레이스,마포구,"서울특별시 마포구 상암산로 66 (상암동, CJ E&M센터 1층)",투썸플레이스 상암E&M점,37.57852829882314,126.88869204416697
투썸플레이스,마포구,"서울특별시 마포구 백범로 35 (신수동,경영교육원(바오로경영관))",투썸플레이스,37.551230765147146,126.93638409227007
투썸플레이스,마포구,서울특별시 마포구 성암로 267 (주)문화방송 1층 (상암동),투썸플레이스 상암MBC점,37.58116659622915,126.88788755185851
투썸플레이스,마포구,"서울특별시 마포구 대흥로 183, 신촌그랑자이 상가 1층 101~102호 (대흥동)",투썸플레이스 마포대흥,37.55516638340679,126.94281711759558
투썸플레이스,마포구,"서울특별시 마포구 마포대로 67, 1층 (도화동)",투썸플레이스 마포대로점,37.541813785276574,126.94539349721644
투썸플레이스,강북구,"서울특별시 강북구 한천로 1035, 우성빌딩 1층 (수유동)",투썸플레이스 강북구청점,37.639785275483064,127.02369090629892
투썸플레이스,마포구,"서울특별시 마포구 신촌로 128, 1층 일부호 (노고산동)",투썸플레이스 마포노고산점,37.55574008459848,126.93706377487727
투썸플레이스,마포구,"서울특별시 마포구 어울마당로 109, 2,3,4층 (동교동)",투썸플레이스 홍대걷고싶은거리점,37.554778294705294,126.91977918074933
투썸플레이스,양천구,"서울특별시 양천구 목동동로 309, 6층 (목동, 행복한세상)",투썸플레이스목동메가박스,37.529373431556614,126.87319365709466
투썸플레이스,양천구,"서울특별시 양천구 신목로 50, 리더스빌딩 1층 (신정동)",투썸플레이스 양천신목로점,37.519668435768274,126.86996650764608
투썸플레이스,양천구,"서울특별시 양천구 오목로 300, 205동 102호, 201호 (목동, 현대하이페리온2)",투썸플레이스 목동하이페리온점,37.52434828291177,126.86702672852843
투썸플레이스,양천구,"서울특별시 양천구 신월로 164, 승일뷰티타워2 107,108,205호 (신월동)",투썸플레이스 신정뉴타운점,37.51770784150926,126.8391161359018
투썸플레이스,강서구,"서울특별시 강서구 공항대로45길 63, 3층 (등촌동)",CGV등촌 투썸플레이스,37.557867550413874,126.85315616195966
투썸플레이스,강서구,"서울특별시 강서구 공항대로41길 34, 플러스존 1층 102호 (등촌동)",투썸플레이스 강서등촌3동점,37.559301208258844,126.84284086306339
투썸플레이스,강서구,"서울특별시 강서구 공항대로 30, 1층 101호 (공항동, 로얄리빙텔)",투썸 강서 송정역점,37.560644738832195,126.80742805745092
투썸플레이스,강서구,"서울특별시 강서구 방화대로 294, 1~2층 118~119, 210호 (마곡동, 방화 1동 마곡더블유타워)",투썸플레이스(신방화역점),37.567008066001435,126.81405488374226
투썸플레이스,강서구,"서울특별시 강서구 양천로 504, 1층 (등촌동, 청산빌딩)",투썸플레이스 가양역점,37.560380480328746,126.85309828138088
투썸플레이스,강서구,"서울특별시 강서구 강서로 259 (내발산동,우장산역엠버리움빌딩 (지상 1~2층) 101호 201~202호)",투썸플레이스우장산역,37.54888410312675,126.83311965317097
투썸플레이스,강서구,"서울특별시 강서구 화곡로 347, 1~2층 115~116, 209~210호 (화곡동, 그랜드아이파크)",투썸플레이스 강서구청점,37.55485464772444,126.84836020754518
투썸플레이스,강서구,"서울특별시 강서구 강서로 43, 지하1~지상1층 101,B103호 (화곡동, 1동 도양라비앙타워)",투썸플레이스 까치산역점,37.53162221107284,126.84364821010642
투썸플레이스,강서구,"서울특별시 강서구 양천로 28, 벽산에어트리움 본관동 1층 126~127호 (방화동)",투썸플레이스 개화산역점,37.5723564396851,126.80406180040816
투썸플레이스,강서구,"서울특별시 강서구 공항대로45길 33, 한빛어반뉴스토리 1~2층 101호 (등촌동)",투썸플레이스 강서등촌한빛점,37.55677281867434,126.8520950702576
투썸플레이스,강서구,"서울특별시 강서구 등촌로 177, 1~2층 101,201호 (등촌동, 경남파크빌)",투썸플레이스등촌로점,37.54579853311851,126.85916941253852
투썸플레이스,송파구,"서울특별시 송파구 백제고분로50길 7, 1층 (방이동)",투썸플레이스 방이한양건설점,37.51437453267471,127.11285217571441
투썸플레이스,강서구,"서울특별시 강서구 강서로 163, 콤마빌딩 1~2층 (화곡동)",투썸플레이스 화곡역점,37.54123986892134,126.83745668040189
투썸플레이스,강서구,"서울특별시 강서구 마곡중앙5로 6, 마곡나루역보타닉푸르지오시티 1~2층 157,158,239,240호 (마곡동)",투썸플레이스 마곡나루역점,37.56731822502634,126.82411198602848
투썸플레이스,구로구,"서울특별시 구로구 새말로 94, 1층 (구로동)",투썸플레이스 신도림 아름제일여성병원점,37.50546533916141,126.88757048098486
투썸플레이스,구로구,"서울특별시 구로구 서해안로 2096, 1~2층 107,108,205,206,207호 (항동)",투썸플레이스 구로항동점,37.47974519646458,126.82009061697786
투썸플레이스,구로구,"서울특별시 구로구 디지털로 288, 대륭포스트타워1차 1층 114호 (구로동)",투썸플레이스 구로대륭1차점,37.48367839474285,126.89252902429114
투썸플레이스,구로구,"서울특별시 구로구 경인로 662, 2층 (신도림동, 디큐브시티)",투썸플레이스 신도림디큐브시티점,37.50858480747359,126.88600750556006
투썸플레이스,구로구,"서울특별시 구로구 디지털로33길 48, 1층 101,110호 (구로동, 대륭포스트타워7차)",투썸플레이스 구로대륭7차,37.48718602916333,126.89171987896162
투썸플레이스,구로구,"서울특별시 구로구 남부순환로97길 20-1, 1,2층 (개봉동)",투썸플레이스 개봉역점,37.494129725068895,126.85601014756091
투썸플레이스,구로구,"서울특별시 구로구 가마산로 250, 1층 (구로동)",투썸플레이스 구로구청사거리점,37.49479604512939,126.88578420661354
투썸플레이스,금천구,"서울특별시 금천구 시흥대로 8, 101호,201호 (시흥동, 아르스파크)",투썸플레이스 석수역점,37.434616290951986,126.90061219030243
투썸플레이스,금천구,"서울특별시 금천구 벚꽃로 30, 상가(113)동 지상1,2층 101호 (독산동, 금천롯데캐슬골드파크2차)",투썸플레이스 금천롯데캐슬골드파크점,37.45823976732093,126.89128643913607
투썸플레이스,금천구,"서울특별시 금천구 시흥대로 228, 지상1층 (시흥동)",투썸플레이스,37.45424771311045,126.89841636435948
투썸플레이스,금천구,"서울특별시 금천구 두산로 70, 지상1층 T-122호 (독산동, 현대지식산업센터)",투썸플레이스,37.4690082736245,126.89271190013578
투썸플레이스,금천구,"서울특별시 금천구 벚꽃로 298, 대륭포스트타워6차 지상1층 114호 (가산동)",투썸플레이스 가산아울렛점,37.48138679667923,126.88102747105512
투썸플레이스,금천구,"서울특별시 금천구 가산디지털1로 186, 제이플라츠 지상1층 106,106-1호 (가산동)",투썸플레이스 가산디지털점,37.48198224348747,126.87864572663726
투썸플레이스,영등포구,"서울특별시 영등포구 경인로 847, 1-2층 (영등포동3가)",투썸플레이스 영등포역점,37.51675962447839,126.904009538885
투썸플레이스,영등포구,"서울특별시 영등포구 영등포로 422 (신길동, 1층 1호~5호)",투썸플레이스대방역점,37.51233638924079,126.92191150224339
투썸플레이스,영등포구,"서울특별시 영등포구 영등포로 193, 지하1층, 지상1층 (영등포동6가)",투썸플레이스영등포시장사거리점,37.520520901677195,126.9001861599635
투썸플레이스,영등포구,"서울특별시 영등포구 국제금융로 10 (여의도동, 국제금융센터 B3F)",투썸플레이스여의도씨지브이,37.52554737463256,126.92331883125543
투썸플레이스,영등포구,"서울특별시 영등포구 경인로 775, 에이스하이테크시티 2동 1층 104호 (문래동3가)",투썸플레이스문래하이테크시티점,37.514754535663776,126.89605732331346
투썸플레이스,영등포구,"서울특별시 영등포구 국제금융로2길 7 (여의도동, 한주빌딩 1층 북동측 일부)",투썸플레이스,37.52459693171791,126.92398763373954
투썸플레이스,영등포구,"서울특별시 영등포구 양평로22길 10, 1층 (양평동4가)",천희(투썸플레이스선유도역점),37.53844739681345,126.8917697213193
투썸플레이스,영등포구,"서울특별시 영등포구 당산로 118 (당산동3가, 외1필지 1층 일부)",투썸플레이스영등포구청역점,37.525038693321015,126.89423806144146
투썸플레이스,영등포구,"서울특별시 영등포구 국제금융로 86, 131호 (여의도동, 롯데캐슬 아이비)",투썸플레이스여의도롯데캐슬아이비점,37.52019519171739,126.92885357609067
투썸플레이스,영등포구,"서울특별시 영등포구 신길로 162, 1층,2층 (신길동)",투썸플레이스(a twosome place) 신길점,37.50668084219136,126.90865138001364
투썸플레이스,영등포구,"서울특별시 영등포구 버드나루로 129, 여의도 아리스타 오피스텔 1층 102호, 103호,104호 (당산동)",투썸플레이스 영등포당산아리스타점,37.52964006242202,126.90434790370159
투썸플레이스,영등포구,"서울특별시 영등포구 여의대로 108, 파크원 1층 (여의도동)",투썸플레이스 여의도파크원점,37.52605009485564,126.9254058461259
투썸플레이스,영등포구,"서울특별시 영등포구 도림로 135, 1층, 2층 (대림동)",투썸플레이스 대림역점,37.49322553560329,126.89401795661031
투썸플레이스,동작구,"서울특별시 동작구 사당로 36-1, 1,2층 (상도동)",투썸플레이스 숭실대점,37.49487193125212,126.9556493339846
투썸플레이스,동작구,"서울특별시 동작구 국사봉1길 32, 성대빌딩 1층 (상도동)",투썸플레이스 신대방삼거리점,37.49883413669503,126.9274753023353
투썸플레이스,관악구,"서울특별시 관악구 신림로 127, 1층 103, 104호 (신림동)",투썸플레이스 신림녹두거리점,37.4707901565599,126.93236907240703
투썸플레이스,관악구,"서울특별시 관악구 봉천로 472, 1층 103호 (봉천동)",투썸플레이스서울대역중앙점,37.481888776680634,126.94931809786186
투썸플레이스,관악구,서울특별시 관악구 남부순환로 2082-33 (남현동),투썸플레이스 사당역점,37.476149785292165,126.97751964718772
투썸플레이스,관악구,"서울특별시 관악구 신림로 328, 1~3층 (신림동)",투썸플레이스 신림로점,37.483466541274204,126.92709737362321
투썸플레이스,관악구,서울특별시 관악구 신림로 350 (신림동),투썸플레이스신림역점,37.48551491390397,126.92707678410451
투썸플레이스,관악구,"서울특별시 관악구 관악로 157 (봉천동, 성진빌딩2층)",투썸플레이스 서울대입구역점,37.47947207785524,126.94916115953714
투썸플레이스,서초구,"서울특별시 서초구 방배중앙로 204, 리첸시아 방배 1층 110호,111호,114호 (방배동)",투썸플레이스 방배카페거리점,37.49728056532831,126.98281824399011
투썸플레이스,서초구,"서울특별시 서초구 반포대로18길 36, 1층 105호, 106호 (서초동, 서초센트럴IPARK)",투썸플레이스 서초센트럴아이파크점,37.48694499553562,127.0087323118333
투썸플레이스,서초구,"서울특별시 서초구 서초대로74길 14, 1층 (서초동)",투썸플레이스 강남역더에셋점,37.49602527299621,127.02318967154825
투썸플레이스,서초구,"서울특별시 서초구 서초대로 254, 102호, 103호 (서초동)",투썸플레이스 서초역점,37.4920142530261,127.00673904274335
투썸플레이스,서초구,"서울특별시 서초구 반포대로 34, 1층 (서초동, 로얄빌딩)",투썸플레이스 예술의전당점,37.48363317950499,127.00915840431912
투썸플레이스,서초구,"서울특별시 서초구 강남대로16길 3, 디에스타워 1층 (양재동)",투썸플레이스 양재매헌역점,37.47109065317803,127.03630822988255
투썸플레이스,서초구,"서울특별시 서초구 서초중앙로 188 (서초동,아크로비스타 B101호)",투썸플레이스 아크로비스타점,37.498199301422694,127.01042433376432
투썸플레이스,서초구,"서울특별시 서초구 과천대로 870-13, 지하2층 (방배동)",투썸플레이스 CJ ENM커머스부문점,37.468960925038374,126.98474441008459
투썸플레이스,서초구,"서울특별시 서초구 반포대로 235, 1층 (반포동)",A TWOSOME PLACE(투썸플레이스)  반포효성점,37.50063527421425,127.00041287793417
투썸플레이스,서초구,"서울특별시 서초구 서초대로 304, 1층, 2층 (서초동)",투썸플레이스 교대역점,37.49380650893103,127.01204338479906
투썸플레이스,서초구,"서울특별시 서초구 강남대로 213, 1층,2층 (양재동, 양재동스포타임)",투썸플레이스 양재역점,37.482912571982396,127.03214003473478
투썸플레이스,서초구,"서울특별시 서초구 남부순환로 2271, 지하1층 (방배동, 방배CJ빌딩)",투썸플레이스 방배CJ건설사옥점,37.47506592677918,126.99757256592817
투썸플레이스,서초구,"서울특별시 서초구 강남대로 263, 2층 (서초동, 새움빌딩 )",투썸플레이스,37.48690913315206,127.02947437039073
투썸플레이스,강남구,"서울특별시 강남구 선릉로93길 54, 일환빌딩 지상1층,2층 (역삼동)",투썸플레이스 선릉로점,37.50424955272049,127.0414633373606
투썸플레이스,강남구,"서울특별시 강남구 논현로 419, PMK 빌딩 2층 (역삼동)",투썸플레이스 역삼점,37.497603964748755,127.03516317063668
투썸플레이스,강남구,"서울특별시 강남구 논현로 662 (논현동,1층)",투썸플레이스 학동역점,37.513326929092884,127.02880457795901
투썸플레이스,강남구,"서울특별시 강남구 테헤란로 138, 성홍타워 지상1.2층 (역삼동)",투썸플레이스 역삼성홍타워점,37.499642786290586,127.03137889625935
투썸플레이스,강남구,"서울특별시 강남구 도산대로37길 19, 지상1층 (신사동)",투썸플레이스,37.52230306728987,127.02825725063948
투썸플레이스,강남구,"서울특별시 강남구 테헤란로70길 16, 1층 A-1호 (대치동, 동산빌딩)",투썸플레이스 대치선릉점,37.50439134523841,127.05045863772787
투썸플레이스,강남구,"서울특별시 강남구 영동대로86길 21, 태화빌딩 지상1층 (대치동)",투썸플레이스 대치삼성점,37.5084159613394,127.06296490720605
투썸플레이스,강남구,"서울특별시 강남구 자곡로 201, 지상1층 107,108호 (자곡동, 강남더샵라르고)",투썸플레이스 강남자곡점,37.47544596215466,127.1019706096018
투썸플레이스,강남구,"서울특별시 강남구 일원로 28, 지상1, 2층 (일원동)",투썸플레이스강남일원점,37.491269508906306,127.07641712167674
투썸플레이스,강남구,"서울특별시 강남구 테헤란로 318, 1층 (역삼동)",투썸플레이스 선릉ing점,37.50324291560956,127.04294982984693
투썸플레이스,강남구,"서울특별시 강남구 삼성로 334, 지상1층 (대치동)",투썸플레이스 대치사거리점,37.50150732129225,127.05701545420928
투썸플레이스,강남구,"서울특별시 강남구 언주로 211, 강남세브란스병원 별관동 지하1층 (도곡동)",씨제이프레시웨이 강남세브란스병원점 투썸플레이스,37.49254974968281,127.04363746804054
투썸플레이스,강남구,"서울특별시 강남구 테헤란로 520, 삼안빌딩 1층 (대치동)",투썸플레이스 삼성역점,37.50780556359838,127.05818848902547
투썸플레이스,강남구,"서울특별시 강남구 선릉로 845, 2층 10호 (신사동)",투썸플레이스 압구정로데오역점,37.52757128016687,127.03742030962324
투썸플레이스,강남구,"서울특별시 강남구 광평로34길 30, 지상1층 (수서동)",투썸플레이스 강남수서점,37.481924845478666,127.09132329628864
투썸플레이스,강남구,"서울특별시 강남구 압구정로12길 14 (신사동,지상1층)",투썸플레이스 가로수길점,37.52305390763838,127.01942035879723
투썸플레이스,강남구,"서울특별시 강남구 강남대로152길 22, 지상1,2층 (신사동, 신사케이타워)",투썸플레이스 강남신사점,37.517432455287185,127.01838101747094
투썸플레이스,강남구,"서울특별시 강남구 테헤란로7길 8, 지상1층 (역삼동)",투썸플레이스 강남IBC점,37.499763552194096,127.02818228078456
투썸플레이스,강남구,"서울특별시 강남구 삼성로 519, 원혜빌딩 지상1층 (삼성동)",투썸플레이스 강남삼성로점,37.508383943987916,127.05248976311942
투썸플레이스,강북구,"서울특별시 강북구 삼양로27길 43, 2층 208,209,210호 (미아동)",투썸플레이스 미아테라스파크점,37.61855498851857,127.01600338448637
투썸플레이스,강남구,"서울특별시 강남구 테헤란로27길 16, BMY역삼타워 지상1,2층 (역삼동)",투썸플레이스 역삼역점,37.50244790231427,127.03513120158638
투썸플레이스,강남구,"서울특별시 강남구 헌릉로569길 21-30, 강남 드림하이 오피스텔 지상1층 101, 102호 (세곡동)",투썸플레이스 강남세곡점,37.466344265942816,127.09770073897494
투썸플레이스,강남구,"서울특별시 강남구 역삼로 118, 지상1층 (역삼동)",투썸플레이스 강남역삼로점,37.49334874150992,127.0291444564755
투썸플레이스,강남구,"서울특별시 강남구 압구정로 112, 지상1층 (신사동)",투썸플레이스 신사세로수길점,37.5231973786134,127.01818003904053
투썸플레이스,강남구,"서울특별시 강남구 언주로 419, 지상1층 1호 (역삼동)",투썸플레이스 역삼자이점,37.50026979914216,127.04054311735277
투썸플레이스,강남구,"서울특별시 강남구 강남대로84길 13, 지상1층,지상2층 (역삼동)",투썸플레이스 강남역KR타워점,37.496875156734774,127.0266891959969
투썸플레이스,강남구,"서울특별시 강남구 선릉로 806, 지상1층 (청담동)",투썸플레이스 학동사거리점,37.5238651066099,127.03672855504203
투썸플레이스,송파구,"서울특별시 송파구 송파대로 260, 제일오피스텔 1층 101,102,103호 (가락동)",투썸플레이스 가락시장역2호점,37.49333392251098,127.11586032619941
투썸플레이스,송파구,"서울특별시 송파구 백제고분로 128, H타워 1층일부, 2층 (잠실동)",투썸플레이스 송파잠실H타워점,37.50608518561193,127.07811994869648
투썸플레이스,송파구,"서울특별시 송파구 오금로 154, 1층 (송파동)",투썸플레이스 송파나루역점,37.51018546669014,127.10884239199378
투썸플레이스,송파구,"서울특별시 송파구 백제고분로7길 9, 1~3층 (잠실동)",투썸플레이스 잠실신천점,37.51059780652635,127.07695941989434
투썸플레이스,송파구,"서울특별시 송파구 위례성대로 198, 1층 (오금동)",투썸플레이스(송파올림픽아파트남문점),37.50932903706562,127.12995912751708
투썸플레이스,송파구,"서울특별시 송파구 중대로 113, 전기회관  1층 (가락동)",투썸플레이스 가락시장역점,37.49401468644268,127.11792471106455
투썸플레이스,송파구,"서울특별시 송파구 오금로 81, 송파빌딩 1층 (방이동)",투썸플레이스 송파구청사거리점,37.51511781116943,127.10432924471557
투썸플레이스,송파구,"서울특별시 송파구 위례광장로 170, B동 113,114,115,116호 (장지동, 힐스테이트송파위례)",투썸플레이스 송파위례트랜짓몰점,37.479600096309476,127.13920982231133
투썸플레이스,송파구,"서울특별시 송파구 삼전로 66, 순명빌딩 1,2층 (삼전동)",투썸플레이스 삼전역점,37.504494080588934,127.08569848563818
투썸플레이스,송파구,"서울특별시 송파구 올림픽로 240, 1층 (잠실동, 롯데월드 스포츠)",투썸플레이스 잠실롯데키자니아점,37.51128661063122,127.09504901965838
투썸플레이스,송파구,"서울특별시 송파구 올림픽로35다길 32, 지상1층 (신천동)",투썸플레이스 잠실역(2)점,37.5150092778119,127.0991882723211
투썸플레이스,송파구,"서울특별시 송파구 석촌호수로 100, 지상1,2층 (잠실동)",투썸플레이스 잠실3단지점,37.507926146712386,127.0850842409568
투썸플레이스,송파구,"서울특별시 송파구 석촌호수로 220, 1층 (석촌동)",투썸플레이스 석촌호수점,37.50704165550307,127.09842343359912
투썸플레이스,송파구,"서울특별시 송파구 동남로 132, 지상1,2층 (문정동)",투썸플레이스 문정로데오점,37.49093715485977,127.1228516484603
투썸플레이스,강동구,"서울특별시 강동구 양재대로 1615, 1,2층 (천호동)",투썸플레이스 강동명일점,37.54967438105056,127.1406186055352
투썸플레이스,강서구,"서울특별시 강서구 강서로 460, 1층 102~105호 (등촌동, 3동 평안빌딩)",투썸플레이스 양천향교역점,37.56630682391165,126.83823949192994
투썸플레이스,광진구,"서울특별시 광진구 용마산로 113, 도원빌딩 1~2층 (중곡동)",투썸플레이스 중곡대원외고점,37.56376443342954,127.08374705647493
투썸플레이스,영등포구,"서울특별시 영등포구 경인로 900, 여의도더리브스타일 1층 101호, 102호, 117호 (영등포동1가)",투썸플레이스 영등포로터리점,37.51767952366147,126.90992611038176
