제품명,브랜드,가격,상품정보,썸네일,용량,유통기한,성분
자작나무 수분 토너 1+1 기획,라운드랩,"24,000","['내용물의 용량 또는 중량 300ml*2ea', '제품 주요 사양 모든 피부용', '사용기한(또는 개봉 후 사용기간) 제조일로부터 36개월, 개봉 후 12개월 이내 사용', '사용방법 아침,저녁 세안 후 스킨 케어 단계에서 적당량을 덜어 피부 위에 펴 바르고 가볍게 두드리듯 흡수시켜줍니다.', '화장품제조업자,화장품책임판매업자 및 맞춤형화장품판매업자 화장품 제조업자 :코스맥스㈜ | 화장품 책임판매업자: 서린컴퍼니㈜', '제조국 대한민국', '화장품법에 따라 기재해야 하는 모든 성분 정제수, 글리세린, 프로판다이올, 글리세레스-26, 펜틸렌글라이콜, 자작나무수액(10,000ppm), 1,2-헥산다이올, 아이리쉬모스추출물, 사탕수수추출물, 소듐하이알루로네이트, 하이알루로닉애씨드, 판테놀, 트로메타민, 다이포타슘글리시리제이트, 글리세릴카프릴레이트, 글리세릴글루코사이드, 부틸렌글라이콜, 아스코빅애씨드, 카보머, 잔탄검, 다이소듐이디티에이', '기능성 화장품 식품의약품안전처 심사필 여부 해당사항 없음', '사용할 때의 주의사항 가. 화장품 사용 시 또는 사용 후 직사광선에 의하여 사용부위가 붉은 반점, 부어오름 또는 가려움증 등의 이상 증상이나 부작용이 있는 경우에는 전문의 등과 상담할 것', '나. 상처가 있는 부위 등에는 사용을 자제할 것', '다. 보관 및 취급 시 주의사항', '1) 어린이의 손이 닿지 않는 곳에 보관할 것', '2) 직사광선을 피해서 보관할 것', '품질보증기준 본 제품에 이상이 있을 경우 공정거래위원회 고시 소비자분쟁해결기준에 의해 보상해드립니다.', '소비자상담 전화번호 070-7717-0675']","['./prdimgs/page_1_prd_0_thumb1.jpg', './prdimgs/page_1_prd_0_thumb2.jpg']",300ml*2ea,"제조일로부터 36개월, 개봉 후 12개월 이내 사용","정제수, 글리세린, 프로판다이올, 글리세레스-26, 펜틸렌글라이콜, 자작나무수액(10,000ppm), 1,2-헥산다이올, 아이리쉬모스추출물, 사탕수수추출물, 소듐하이알루로네이트, 하이알루로닉애씨드, 판테놀, 트로메타민, 다이포타슘글리시리제이트, 글리세릴카프릴레이트, 글리세릴글루코사이드, 부틸렌글라이콜, 아스코빅애씨드, 카보머, 잔탄검, 다이소듐이디티에이"
크림스킨,라네즈,"33,000","['내용물의 용량 또는 중량 170ml (+170ml 증정)', '제품 주요 사양 모든피부', '사용기한(또는 개봉 후 사용기간) 제조일로부터 36개월, 개봉 후 12개월 이내 사용', '사용방법 1. 기본 사용법: 아침, 저녁 스킨 사용 단계에서 적당량을 손에 덜어 피부 속부터 채워주듯이 두드리며 흡수시켜줍니다.', '2. 보습 스킨팩으로 호라용: 크림 스킨을 화장솜에 적셔 보습 스킨팩으로 활용해보세요.', '화장품제조업자,화장품책임판매업자 및 맞춤형화장품판매업자 ㈜아모레퍼시픽', '제조국 대한민국', '화장품법에 따라 기재해야 하는 모든 성분 정제수, 부틸렌글라이콜, 글리세린, 메도우폼씨오일, 아이소펜틸다이올, 1,2-헥산다이올, 스쿠알란, 폴리글리세릴-10스테아레이트, 글리세릴스테아레이트시트레이트, 소듐스테아로일글루타메이트, 이눌린라우릴카바메이트, 글리세릴카프릴레이트, 에틸헥실글리세린, 프로판다이올, 다이소듐이디티에이, 카보머, 만니톨, 아크릴레이트/스테아릴메타크릴레이트코폴리머, 흰목이버섯포자낭과추출물, 하이알루로닉애씨드, 녹차추출물, 잔탄검, 세라마이드엔피, 동백나무꽃추출물, 토코페롤, 아세틸테트라펩타이드-11', '기능성 화장품 식품의약품안전처 심사필 여부 해당사항 없음', '사용할 때의 주의사항 1. 화장품 사용 시 또는 사용 후 직사광선에 의하여 사용부위가 붉은 반점, 부어오름 또는 가려움증 등의 이상 증상이나 부작용이 있는 경우 전문의 등과 상담할 것 2. 상처가 있는 부위 등에는 사용을 자제할 것 3. 보관 및 취급 시의 주의사항 가) 어린이의 손이 닿지 않는 곳에 보관할 것 나) 직사광선을 피해서 보관할 것.', '품질보증기준 본 제품에 이상이 있을 경우, 공정거래위원회 고시에 의거 보상해드립니다.', '소비자상담 전화번호 080-030-5454(수신자 요금부담) 운영시간 : 09:00 ~ 18:00 (점심시간 제외, 12~13시) (주말, 공휴일 제외)']",['./prdimgs/page_1_prd_1_thumb1.jpg'],(+170ml,"제조일로부터 36개월, 개봉 후 12개월 이내 사용","정제수, 부틸렌글라이콜, 글리세린, 메도우폼씨오일, 아이소펜틸다이올, 1,2-헥산다이올, 스쿠알란, 폴리글리세릴-10스테아레이트, 글리세릴스테아레이트시트레이트, 소듐스테아로일글루타메이트, 이눌린라우릴카바메이트, 글리세릴카프릴레이트, 에틸헥실글리세린, 프로판다이올, 다이소듐이디티에이, 카보머, 만니톨, 아크릴레이트/스테아릴메타크릴레이트코폴리머, 흰목이버섯포자낭과추출물, 하이알루로닉애씨드, 녹차추출물, 잔탄검, 세라마이드엔피, 동백나무꽃추출물, 토코페롤, 아세틸테트라펩타이드-11"
어성초 77 수딩 토너,아누아,"45,000","['내용물의 용량 또는 중량 토너 본품 350ml+토너 리필 350ml+진정마스크 1매', '제품 주요 사양 모든 피부용', '사용기한(또는 개봉 후 사용기간) 제조일로부터 30개월 / 개봉 후 12개월', '사용방법 적당량을 덜어 피부에 두드려 흡수시켜 줍니다.', '화장품제조업자,화장품책임판매업자 및 맞춤형화장품판매업자 (주)메가코스 / (주)더파운더즈', '제조국 대한민국', '화장품법에 따라 기재해야 하는 모든 성분 약모밀추출물(77%), 정제수, 1,2-헥산다이올, 글리세린, 베타인, 병풀추출물, 체이스트트리추출물, 우엉뿌리추출물, 진흙버섯추출물, 쇠비름추출물, 포도추출물, 사과추출물, 사탕수수추출물, 판테놀, 마트리카리아꽃추출물, 소듐하이알루로네이트, 하이드록시프로필트라이모늄하이알루로네이트, 하이드롤라이즈드하이알루로닉애씨드, 소듐아세틸레이티드하이알루로네이트, 하이알루로닉애씨드, 소듐하이알루로네이트크로스폴리머, 포타슘하이알루로네이트, 메틸프로판다이올, 부틸렌글라이콜, 아이소펜틸다이올, 아크릴레이트/C10-30알킬아크릴레이트크로스폴리머, 트로메타민, 다이소듐이디티에이', '기능성 화장품 식품의약품안전처 심사필 여부 해당사항 없음', '사용할 때의 주의사항 가. 화장품 사용 시 또는 사용 후 직사광선에 의하여 사용부위가 붉은 반점, 부어오름 또는 가려움증 등의 이상 증상이나 부작용이 있는 경우에는 전문의 등과 상담할 것', '나. 상처가 있는 부위 등에는 사용을 자제할 것', '다. 보관 및 취급 시 주의사항', '1) 어린이의 손이 닿지 않는 곳에 보관할 것', '2) 직사광선을 피해서 보관할 것', '품질보증기준 본 상품에 이상이 있을 경우, 공정거래위원회 고시 소비자 분쟁 해결 기준에 의해 보상해드립니다.', '소비자상담 전화번호 1688-9407']","['./prdimgs/page_1_prd_2_thumb1.jpg', './prdimgs/page_1_prd_2_thumb2.jpg', './prdimgs/page_1_prd_2_thumb3.jpg']",350ml+진정마스크,제조일로부터 30개월 / 개봉 후 12개월,"약모밀추출물(77%), 정제수, 1,2-헥산다이올, 글리세린, 베타인, 병풀추출물, 체이스트트리추출물, 우엉뿌리추출물, 진흙버섯추출물, 쇠비름추출물, 포도추출물, 사과추출물, 사탕수수추출물, 판테놀, 마트리카리아꽃추출물, 소듐하이알루로네이트, 하이드록시프로필트라이모늄하이알루로네이트, 하이드롤라이즈드하이알루로닉애씨드, 소듐아세틸레이티드하이알루로네이트, 하이알루로닉애씨드, 소듐하이알루로네이트크로스폴리머, 포타슘하이알루로네이트, 메틸프로판다이올, 부틸렌글라이콜, 아이소펜틸다이올, 아크릴레이트/C10-30알킬아크릴레이트크로스폴리머, 트로메타민, 다이소듐이디티에이"
다이브인 저분자 히알루론산 토너,토리든,"29,000","['내용물의 용량 또는 중량 [본품] 다이브인 토너 500ml [증정] 화장솜 60매', '제품 주요 사양 모든 피부 타입', '사용기한(또는 개봉 후 사용기간) 제조일로부터 3년', '사용방법 세안 후 화장솜 혹은 손에 적당량을 덜어 피부결을 따라 부드럽게 흡수시켜 줍니다.', '화장품제조업자,화장품책임판매업자 및 맞춤형화장품판매업자 (주)세레코 / (주)토리든', '제조국 대한민국', '화장품법에 따라 기재해야 하는 모든 성분 1. 다이브인 저분자 히알루론산 토너 500ml (본품)', '정제수, 부틸렌글라이콜, 다이프로필렌글라이콜, 1,2-헥산다이올, 글리세린, 베타인, 알란토인, 판테놀, 쇠비름추출물, 트레할로오스, 소듐하이알루로네이트, 하이드롤라이즈드하이알루로닉애씨드(100ppm), 소듐하이알루로네이트크로스폴리머, 하이드롤라이즈드소듐하이알루로네이트, 소듐아세틸레이티드하이알루로네이트, 2,3-부탄다이올, 펜틸렌글라이콜, 말라카이트추출물, 다이소듐이디티에이, 에틸헥실글리세린', '기능성 화장품 식품의약품안전처 심사필 여부 해당사항 없음', '사용할 때의 주의사항 1) 화장품 사용 시 또는 사용 후 직사광선에 의하여 사용부위가 붉은 반점, 부어오름 또는 가려움증 등의 이상 증상이나 부작용이 있는 경우 전문의 등과 상담할 것', '2) 상처가 있는 부위 등에는 사용을 자제할 것', '3) 보관 및 취급 시의 주의사항', '가) 어린이의 손이 닿지 않는 곳에 보관할 것', '나) 직사광선을 피해서 보관할 것', '품질보증기준 본 제품은 공정거래위원회고시 소비자분쟁해결 기준에 의거 교환 또는 보상 받을 수 있습니다.', '소비자상담 전화번호 1600-3584']","['./prdimgs/page_1_prd_3_thumb1.jpg', './prdimgs/page_1_prd_3_thumb2.jpg', './prdimgs/page_1_prd_3_thumb3.jpg']",500ml,제조일로부터 3년,1. 다이브인 저분자 히알루론산 토너 500ml (본품)
어성초 카밍 토너 스킨부스터 더블 기획,아비브,"39,000","['내용물의 용량 또는 중량 200ml+200ml', '제품 주요 사양 모든 피부용', '사용기한(또는 개봉 후 사용기간) 제조일로부터 24개월, 개봉후 12개월', '사용방법 적당량을 덜어 피부 결을 따라 부드럽게 바른 뒤 가볍게 두드려 흡수시켜 줍니다.', '화장품제조업자,화장품책임판매업자 및 맞춤형화장품판매업자 코스맥스/(주)포컴퍼니', '제조국 대한민국', '화장품법에 따라 기재해야 하는 모든 성분 정제수, 약모밀추출물, 글리세린, 부틸렌글라이콜, 펜틸렌글라이콜, 자일리톨, 비피다발효용해물, 소듐하이알루로네이트, 돌콩추출물, 병풀추출물, 하이드롤라이즈드하이알루로닉애씨드, 황금추출물, 파스향나무잎추출물, 인동덩굴꽃추출물, 베타인, 1,2-헥산다이올, 판테놀, 에틸헥실글리세린, 옥탄다이올, 토코페롤, 바이오사카라이드검-4, 다이소듐이디티에이, 잔탄검', '기능성 화장품 식품의약품안전처 심사필 여부 해당사항 없음', '사용할 때의 주의사항 1)화장품 사용 시 또는 사용 후 직사광선에 의하여 사용 부위가 붉은 반점, 부어오름 또는 가려움증 등의 이상 증상이나 부작용이 있는 경우 전문의 등과 상담할 것 2)상처가 있는 부위 등에는 사용을 자제할 것 3)보관 및 취급시의 주의사항 가)어린이의 손이 닿지 않는 곳에 보관 할 것 나)직사광선을 피해서 보관할 것', '품질보증기준 관련 법 및 소비자 분쟁 해결 기준에 따름', '소비자상담 전화번호 070-4131-5906']","['./prdimgs/page_1_prd_4_thumb1.jpg', './prdimgs/page_1_prd_4_thumb2.jpg', './prdimgs/page_1_prd_4_thumb3.jpg', './prdimgs/page_1_prd_4_thumb4.jpg']",200ml+200ml,"제조일로부터 24개월, 개봉후 12개월","정제수, 약모밀추출물, 글리세린, 부틸렌글라이콜, 펜틸렌글라이콜, 자일리톨, 비피다발효용해물, 소듐하이알루로네이트, 돌콩추출물, 병풀추출물, 하이드롤라이즈드하이알루로닉애씨드, 황금추출물, 파스향나무잎추출물, 인동덩굴꽃추출물, 베타인, 1,2-헥산다이올, 판테놀, 에틸헥실글리세린, 옥탄다이올, 토코페롤, 바이오사카라이드검-4, 다이소듐이디티에이, 잔탄검"
1025 독도 토너,라운드랩,"15,000","['내용물의 용량 또는 중량 [본품] 1025 독도 토너 200ml + [증정품] 1025 독도 토너 50ml', '제품 주요 사양 모든 피부용', '사용기한(또는 개봉 후 사용기간) 제조일로부터 36개월, 개봉 후 12개월 이내 사용', '사용방법 세안 후 적당량을 덜어 화장솜에 충분히 적신 뒤, 피부결을 따라 부드럽게 닦아내어 피부를 정돈시켜줍니다.', '화장품제조업자,화장품책임판매업자 및 맞춤형화장품판매업자 제조업자: 코스맥스(주) / 책임판매업자: 서린컴퍼니㈜', '제조국 대한민국', '화장품법에 따라 기재해야 하는 모든 성분 정제수, 부틸렌글라이콜, 글리세린, 펜틸렌글라이콜, 프로판다이올, 아이리쉬모스추출물, 사탕수수추출물, 해수, 1,2-헥산다이올, 프로테아제, 베타인, 판테놀, 에틸헥실글리세린, 알란토인, 잔탄검, 다이소듐이디티에이', '기능성 화장품 식품의약품안전처 심사필 여부 해당사항 없음', '사용할 때의 주의사항 가. 화장품 사용 시 또는 사용 후 직사광선에 의하여 사용부위가 붉은 반점, 부어오름 또는 가려움증 등의 이상 증상이나 부작용이 있는 경우에는 전문의 등과 상담할 것', '나. 상처가 있는 부위 등에는 사용을 자제할 것', '다. 보관 및 취급 시 주의사항', '1) 어린이의 손이 닿지 않는 곳에 보관할 것', '2) 직사광선을 피해서 보관할 것', '품질보증기준 본 제품에 이상이 있을 경우 공정거래위원회 고시 소비자분쟁해결기준에 의해 보상해드립니다.', '소비자상담 전화번호 070-7717-0675']","['./prdimgs/page_1_prd_5_thumb1.jpg', './prdimgs/page_1_prd_5_thumb2.jpg']",50ml,"제조일로부터 36개월, 개봉 후 12개월 이내 사용","정제수, 부틸렌글라이콜, 글리세린, 펜틸렌글라이콜, 프로판다이올, 아이리쉬모스추출물, 사탕수수추출물, 해수, 1,2-헥산다이올, 프로테아제, 베타인, 판테놀, 에틸헥실글리세린, 알란토인, 잔탄검, 다이소듐이디티에이"
[NEW]브링그린 티트리시카수딩토너 500mL한정기획(+100mL증정),브링그린,"27,000","['내용물의 용량 또는 중량 ■ 토너 500mL+100mL', '제품 주요 사양 ■ 모든 피부용', '사용기한(또는 개봉 후 사용기간) ■ 제조일로부터 36개월, 개봉 후 12개월', '사용방법 ■ 내용물을 적당량 덜어 피부결을 따라 부드럽게 펴 발라준 후 흡수시켜 줍니다.', '화장품제조업자,화장품책임판매업자 및 맞춤형화장품판매업자 ■ 화장품제조업자 : 코스맥스(주) /화장품책임판매업자 : 씨제이올리브영주식회사', '제조국 ■ 대한민국', '화장품법에 따라 기재해야 하는 모든 성분 ■ 티트리추출물(381,680ppm), 정제수, 다이프로필렌글라이콜, 티트리잎추출물(57,200ppm), 티트리잎수(57,200ppm), 병풀추출물(30,380ppm), 1,2-헥산다이올, 부틸렌글라이콜, 티트리꽃/잎/줄기추출물(13,000ppm), 베타인, 판테놀, 옥틸도데세스-16, 소듐시트레이트, 시트릭애씨드, 티트리잎오일(720ppm), 베타인살리실레이트, 잔탄검', '기능성 화장품 식품의약품안전처 심사필 여부 해당사항 없음', '사용할 때의 주의사항 ■ 1. 화장품 사용 시 또는 사용 후 직사광선에 의하여 사용 부위가 붉은 반점, 부어오름 또는 가려움증 등의 이상 증상이나 부작용이 있는 경우에는 전문의 등과 상담할 것 2. 상처가 있는 부위 등에는 사용을 자제할 것 3. 보관 및 취급 시 주의사항 가) 어린이의 손이 닿지 않는 곳에 보관할 것 나) 직사광선을 피해서 보관할 것 4. 눈 주위를 피하여 사용할 것 5. 만 3세 이하 영유아에게는 사용하지 말 것', ""품질보증기준 ■ 본 상품에 이상이 있을 경우 공정거래위원회 고시 ‘소비자분쟁해결기준'에 의거 보상해 드립니다."", '소비자상담 전화번호 ■ 고객 서비스 센터 : 1577-4887']","['./prdimgs/page_1_prd_6_thumb1.jpg', './prdimgs/page_1_prd_6_thumb2.jpg']",-,"■ 제조일로부터 36개월, 개봉 후 12개월","■ 티트리추출물(381,680ppm), 정제수, 다이프로필렌글라이콜, 티트리잎추출물(57,200ppm), 티트리잎수(57,200ppm), 병풀추출물(30,380ppm), 1,2-헥산다이올, 부틸렌글라이콜, 티트리꽃/잎/줄기추출물(13,000ppm), 베타인, 판테놀, 옥틸도데세스-16, 소듐시트레이트, 시트릭애씨드, 티트리잎오일(720ppm), 베타인살리실레이트, 잔탄검"
아쿠아 오아시스 토너,에스네이처,"24,000","['내용물의 용량 또는 중량 토너 300ml, 크림 30ml', '제품 주요 사양 모든 피부용', '사용기한(또는 개봉 후 사용기간) 제조일로부터 1,095일', '사용방법 * 닦아내는 토너로 사용 시 : 화장솜에 적당량을 적셔 얼굴 안쪽에서 바깥쪽으로 부드럽게 닦아 피부결 정돈을 해줍니다.', '* 보습 토너로 사용 시: 손바닥에 적당량을 덜어내어 얼굴에 부드럽게 흡수시켜주면, 산뜻한 수분감을 느낄 수 있습니다.', '화장품제조업자,화장품책임판매업자 및 맞춤형화장품판매업자 (주)바이오코스텍, 에스네이처', '제조국 대한민국', '화장품법에 따라 기재해야 하는 모든 성분 아쿠아 오아시스 토너 300ml : 정제수, 다이프로필렌글라이콜, 부틸렌글라이콜, 글리세린, 1,2- 헥산다이올, 베타인, 판테놀, 알란토인, 파파야열매추출물, 글루코노락톤, 자일리틸글루코사이드, 안하이드로자일리톨, 자일리톨, 소듐하이알루로네이트, 글루코오스, 파파인, 하이드록시프로필트라이모늄하이알루로네이트, 소듐아세틸레이티드하이알루로네이트, 하이드롤라이즈드하이알루로닉애씨드, 하이알루로닉애씨드, 하이드롤라이즈드소듐하이알루로네이트, 소듐하이알루로네이트크로스폴리머, 포타슘하이알루로네이트, 글리세릴아크릴레이트/아크릴릭애씨드코폴리머, 피브이엠/엠에이코폴리머', '', '아쿠아 스쿠알란 수분크림 30ml (증정품): 정제수, 스쿠알란(150,000ppm), 글리세린, 1,2-헥산다이올, 베타인, 판테놀, 소듐하이알루로네이트, 하이드롤라이즈드콜라겐, 하이드록시프로필트라이모늄하이알루로네이트, 하이드롤라이즈드하이알루로닉애씨드, 소듐아세틸레이티드하이알루로네이트, 아세틸헥사펩타이드-8, 아데노신, 하이알루로닉애씨드, 하이드롤라이즈드소듐하이알루로네이트, 소듐하이알루로네이트크로스폴리머, 포타슘하이알루로네이트, 아크릴레이트/C10-30알킬아크릴레이트크로스폴리머, 알지닌, 알란토인, 자일리틸글루코사이드, 안하이드로자일리톨, 자일리톨, 글루코오스, 부틸렌글라이콜, 암모늄아크릴로일다이메틸타우레이트/브이피코폴리머, 카프릴릴글라이콜', '기능성 화장품 식품의약품안전처 심사필 여부 해당사항 없음', '사용할 때의 주의사항 가. 화장품 사용 시 또는 사용 후 직사광선에 의하여 사용부위가 붉은 반점, 부어오름 또는 가려움증 등의 이상 증상이나 부작용이 있는 경우에는 전문의 등과 상담할 것', '나. 상처가 있는 부위 등에는 사용을 자제할 것', '다. 보관 및 취급 시 주의사항', '1) 어린이의 손이 닿지 않는 곳에 보관할 것', '2) 직사광선을 피해서 보관할 것', '품질보증기준 본 제품은 공정거래위원회고시 소비자분쟁해결 기준에 의거 교환 또는 보상 받을 수 있습니다.', '소비자상담 전화번호 070-4271-2278']","['./prdimgs/page_1_prd_7_thumb1.jpg', './prdimgs/page_1_prd_7_thumb2.jpg', './prdimgs/page_1_prd_7_thumb3.jpg', './prdimgs/page_1_prd_7_thumb4.jpg']",30ml,"제조일로부터 1,095일","아쿠아 오아시스 토너 300ml : 정제수, 다이프로필렌글라이콜, 부틸렌글라이콜, 글리세린, 1,2- 헥산다이올, 베타인, 판테놀, 알란토인, 파파야열매추출물, 글루코노락톤, 자일리틸글루코사이드, 안하이드로자일리톨, 자일리톨, 소듐하이알루로네이트, 글루코오스, 파파인, 하이드록시프로필트라이모늄하이알루로네이트, 소듐아세틸레이티드하이알루로네이트, 하이드롤라이즈드하이알루로닉애씨드, 하이알루로닉애씨드, 하이드롤라이즈드소듐하이알루로네이트, 소듐하이알루로네이트크로스폴리머, 포타슘하이알루로네이트, 글리세릴아크릴레이트/아크릴릭애씨드코폴리머, 피브이엠/엠에이코폴리머"
3번 결광가득 에센스 토너,넘버즈인,"32,000","['내용물의 용량 또는 중량 300ml', '제품 주요 사양 모든 피부 용', '사용기한(또는 개봉 후 사용기간) 제조일로부터 36개월 / 개봉 후 12개월 이내 사용', '사용방법 세안 후, 스킨케어 첫 단계에서 화장솜에 적셔 피부결을 정돈해준 뒤 손바닥에 덜어 피부결을 따라 얼굴 전체를 감싸듯이 레이어링해줍니다.', '화장품제조업자,화장품책임판매업자 및 맞춤형화장품판매업자 삼성메디코스(주) / (주)비나우', '제조국 대한민국', '화장품법에 따라 기재해야 하는 모든 성분 정제수, 다이프로필렌글라이콜, 글리세레스-26, 1,2-헥산다이올, 나이아신아마이드, 부틸렌글라이콜, 글리세린, 메틸글루세스-20, 메도우스위트추출물, 락토코쿠스/녹두추출물발효여과물, 락토바실러스/쌀발효물, 클로렐라발효물, 락토바실러스/조류추출발효물, 효모/포도발효추출물, 락토바실러스/호박발효추출물, 락토바실러스/콩발효추출물, 락토바실러스/콩추출물발효여과물, 효모/쌀발효여과추출물, 효모/보리씨발효여과물, 효모/칼슘발효물, 효모/슈가캘프발효물, 효모/감자추출물발효여과물, 락토바실러스/여바산타발효추출물, 락토바실러스/부레옥잠발효물, 락토바실러스/호밀가루발효물, 락토바실러스/히비스커스꽃발효여과물, 락토바실러스/우유발효여과물, 락토바실러스/홍삼발효여과물, 락토바실러스/아세로라체리발효물, 락토바실러스발효물, 락토바실러스발효용해여과물, 락토코커스/우유발효용해물, 락토코쿠스발효물, 락토코쿠스발효추출물, 락토코쿠스발효용해물, 스트렙토코쿠스 테르모필루스발효물, 흑효모발효여과물, 비피다발효여과물, 비피다발효추출물, 류코노스톡/무발효여과물, 락토바실러스/고추냉이뿌리발효추출물, 락토바실러스/석류발효추출물, 바실러스/글루타믹애씨드발효여과물, 바실러스/쌀겨추출물/콩추출물발효여과물, 모나스커스/쌀발효물, 효모/쌀겨발효여과추출물, 효모/쌀겨발효물, 락토바실러스/배즙발효여과물, 피키아발효용해여과물, 알테로모나스발효추출물, 효모/율무씨발효여과물, 효모/콩단백질발효물 , 스핑고모나스발효추출물, 효모/공작석발효물, 효모발효물, 효모발효여과물, 스키조사카로미세스발효여과물, 아스퍼질러스발효물, 아스퍼질러스/글루코오스/콩/전분발효여과물, 센티드제라늄꽃오일 , 소듐하이알루로네이트, 폴리글리세릴-10라우레이트, 세테아릴알코올, 베타인, 아크릴레이트/C10-30알킬아크릴레이트크로스폴리머, 트로메타민, 폴리쿼터늄-51, 하이드록시에틸셀룰로오스, 아데노신, 제라니올, 시트로넬올', '기능성 화장품 식품의약품안전처 심사필 여부 화장품법에 따른 기능성 화장품 심사(또는 보고)를 필함', '사용할 때의 주의사항 가. 화장품 사용 시 또는 사용 후 직사광선에 의하여 사용부위가 붉은 반점, 부어오름 또는 가려움증 등의 이상 증상이나 부작용이 있는 경우에는 전문의 등과 상담할 것 나. 상처가 있는 부위 등에는 사용을 자제할 것 다. 보관 및 취급 시 주의사항 1) 어린이의 손이 닿지 않는 곳에 보관할 것 2. 직사광선을 피해서 보관할 것', '품질보증기준 본 제품에 이상이 있을 경우, 공정거래위원회 고시 소비자분쟁해결기준에 의거 보상해드립니다.', '소비자상담 전화번호 넘버즈인 고객상담센터 080-850-7771']","['./prdimgs/page_1_prd_8_thumb1.jpg', './prdimgs/page_1_prd_8_thumb2.jpg', './prdimgs/page_1_prd_8_thumb3.jpg', './prdimgs/page_1_prd_8_thumb4.jpg', './prdimgs/page_1_prd_8_thumb5.jpg', './prdimgs/page_1_prd_8_thumb6.jpg', './prdimgs/page_1_prd_8_thumb7.jpg']",300ml,제조일로부터 36개월 / 개봉 후 12개월 이내 사용,"정제수, 다이프로필렌글라이콜, 글리세레스-26, 1,2-헥산다이올, 나이아신아마이드, 부틸렌글라이콜, 글리세린, 메틸글루세스-20, 메도우스위트추출물, 락토코쿠스/녹두추출물발효여과물, 락토바실러스/쌀발효물, 클로렐라발효물, 락토바실러스/조류추출발효물, 효모/포도발효추출물, 락토바실러스/호박발효추출물, 락토바실러스/콩발효추출물, 락토바실러스/콩추출물발효여과물, 효모/쌀발효여과추출물, 효모/보리씨발효여과물, 효모/칼슘발효물, 효모/슈가캘프발효물, 효모/감자추출물발효여과물, 락토바실러스/여바산타발효추출물, 락토바실러스/부레옥잠발효물, 락토바실러스/호밀가루발효물, 락토바실러스/히비스커스꽃발효여과물, 락토바실러스/우유발효여과물, 락토바실러스/홍삼발효여과물, 락토바실러스/아세로라체리발효물, 락토바실러스발효물, 락토바실러스발효용해여과물, 락토코커스/우유발효용해물, 락토코쿠스발효물, 락토코쿠스발효추출물, 락토코쿠스발효용해물, 스트렙토코쿠스 테르모필루스발효물, 흑효모발효여과물, 비피다발효여과물, 비피다발효추출물, 류코노스톡/무발효여과물, 락토바실러스/고추냉이뿌리발효추출물, 락토바실러스/석류발효추출물, 바실러스/글루타믹애씨드발효여과물, 바실러스/쌀겨추출물/콩추출물발효여과물, 모나스커스/쌀발효물, 효모/쌀겨발효여과추출물, 효모/쌀겨발효물, 락토바실러스/배즙발효여과물, 피키아발효용해여과물, 알테로모나스발효추출물, 효모/율무씨발효여과물, 효모/콩단백질발효물 , 스핑고모나스발효추출물, 효모/공작석발효물, 효모발효물, 효모발효여과물, 스키조사카로미세스발효여과물, 아스퍼질러스발효물, 아스퍼질러스/글루코오스/콩/전분발효여과물, 센티드제라늄꽃오일 , 소듐하이알루로네이트, 폴리글리세릴-10라우레이트, 세테아릴알코올, 베타인, 아크릴레이트/C10-30알킬아크릴레이트크로스폴리머, 트로메타민, 폴리쿼터늄-51, 하이드록시에틸셀룰로오스, 아데노신, 제라니올, 시트로넬올"
원더 세라마이드 모찌 토너,토니모리,"15,000","['내용물의 용량 또는 중량 500ml+100ml', '제품 주요 사양 모든 피부 타입', '사용기한(또는 개봉 후 사용기간) 제조일로부터 3년', '사용방법 다양하게 활용하는 멀티 토너', '(일러스트) 보습 팩', '화장솜에 스킨을 듬뿍 적셔 건조한 피부에 붙이고 10분후에 떼어냅니다.', '(일러스트) 닦아내는 토너', '화장솜에 내용물을 적당량 덜어 부드럽게 펴 발라주어 피부 결을 부드럽게 관리해줍니다.', '화장품제조업자,화장품책임판매업자 및 맞춤형화장품판매업자 (주)메가코스/(주)토니모리', '제조국 대한민국', '화장품법에 따라 기재해야 하는 모든 성분 정제수, 다이프로필렌글라이콜, 글리세린, 펜타에리스리틸테트라아이소스테아레이트, 글리세레스-26, 1,2-헥산다이올, 마카다미아씨오일, 페닐트라이메티콘, 하이드록시에틸아크릴레이트/소듐아크릴로일다이메틸타우레이트코폴리머, 스타이렌/브이피코폴리머, 에틸헥실글리세린, 병풀추출물, 아크릴레이트/C10-30알킬아크릴레이트크로스폴리머, 트로메타민, 카프릴릭/카프릭트라이글리세라이드, 알란토인, 하이드로제네이티드레시틴, 프로판다이올, 판테놀, 피토스테릴/옥틸도데실라우로일글루타메이트, 세라마이드엔피(5,000 ppb), 소듐하이알루로네이트, 로즈우드오일, 레몬껍질오일, 다이소듐이디티에이, 리날룰, 리모넨', '기능성 화장품 식품의약품안전처 심사필 여부 해당사항 없음', '사용할 때의 주의사항 1. 화장품 사용 시 또는 사용 후 직사광선에 의하여 사용부위가 붉은 반점, 부어오름 또는 가려움증 등의 이상 증상이나 부작용이 있는 경우 전문의 등과 상담할 것 2. 상처가 있는 부위 등에는 사용을 자제할 것 3. 보관 및 취급 시의 주의사항 가) 어린이의 손이 닿지 않는 곳에 보관할 것 나) 직사광선을 피해서 보관할 것', '품질보증기준 본 상품의 품질보증 및 피해보상에 관한 사항은 관련 법률 및 공정거래 위원회 고시 [소비자분쟁해결기준]에 따릅니다.', '소비자상담 전화번호 토니모리 고객 상담실 1661-5299']","['./prdimgs/page_1_prd_9_thumb1.jpg', './prdimgs/page_1_prd_9_thumb2.jpg', './prdimgs/page_1_prd_9_thumb3.jpg', './prdimgs/page_1_prd_9_thumb4.jpg']",500ml+100ml,제조일로부터 3년,"정제수, 다이프로필렌글라이콜, 글리세린, 펜타에리스리틸테트라아이소스테아레이트, 글리세레스-26, 1,2-헥산다이올, 마카다미아씨오일, 페닐트라이메티콘, 하이드록시에틸아크릴레이트/소듐아크릴로일다이메틸타우레이트코폴리머, 스타이렌/브이피코폴리머, 에틸헥실글리세린, 병풀추출물, 아크릴레이트/C10-30알킬아크릴레이트크로스폴리머, 트로메타민, 카프릴릭/카프릭트라이글리세라이드, 알란토인, 하이드로제네이티드레시틴, 프로판다이올, 판테놀, 피토스테릴/옥틸도데실라우로일글루타메이트, 세라마이드엔피(5,000 ppb), 소듐하이알루로네이트, 로즈우드오일, 레몬껍질오일, 다이소듐이디티에이, 리날룰, 리모넨"
하이드라비오 토너,바이오더마,"29,000","['내용물의 용량 또는 중량 250ml', '제품 주요 사양 수분 부족, 건성 피부 및 모든 피부', '사용기한(또는 개봉 후 사용기간) 제조일로부터 3년 이내의 상품을 순차적으로 발송, 개봉 후 6개월', '사용방법 세안 후 화장솜에 적당량을 덜어 피부에 부드럽게 패딩해 줍니다.', '화장품제조업자,화장품책임판매업자 및 맞춤형화장품판매업자 해외제조원 : 나오스 (NAOS) / 355, 휘 피에르-시몬 라플라스 13290, 엑상프로방스, 프랑스 화장품책임판매업자 : 나오스코리아 (유) 서울시 강남구 테헤란로 137, 11층', '제조국 프랑스', '화장품법에 따라 기재해야 하는 모든 성분 정제수, 글리세린, 폴리솔베이트20, 다이소듐이디티에이, 세트리모늄브로마이드, 나이아신아마이드, 자일리톨, 알란토인, 프룩토올리고사카라이드, 만니톨, 헥실데칸올, 소듐하이드록사이드, 시트릭애씨드, 람노오스, 사과씨추출물, 유채스테롤, 토코페롤, 향료료', '기능성 화장품 식품의약품안전처 심사필 여부 해당사항 없음', '사용할 때의 주의사항 1) 화장품 사용 시 또는 사용 후 직사광선에 의하여 사용부위가 붉은 반점, 부어오름 또는 가려움증 등의 이상 증상이나 부작용이 있는 경우 전문의 등과 상담할 것 2) 상처가 있는 부위 등에는 사용을 자제할 것 3) 보관 및 취급 시의 주의사항 가. 어린이의 손이 닿지 않는 곳에 보관할 것 나. 직사광선을 피해서 보관할 것 .', '품질보증기준 본 제품에 이상이 있을 경우 공정거래위원회 고시「품목별 소비자 분쟁해결기준」에 의해 보상해 드립니다.', '소비자상담 전화번호 02-523-7676']",['./prdimgs/page_1_prd_10_thumb1.jpg'],250ml,"제조일로부터 3년 이내의 상품을 순차적으로 발송, 개봉 후 6개월","정제수, 글리세린, 폴리솔베이트20, 다이소듐이디티에이, 세트리모늄브로마이드, 나이아신아마이드, 자일리톨, 알란토인, 프룩토올리고사카라이드, 만니톨, 헥실데칸올, 소듐하이드록사이드, 시트릭애씨드, 람노오스, 사과씨추출물, 유채스테롤, 토코페롤, 향료료"
에빠끌라 H 토너,라로슈포제,"27,000","['내용물의 용량 또는 중량 200ml', '제품 주요 사양 민감성 및 지성/트러블 피부에 사용 적합', '사용기한(또는 개봉 후 사용기간) 개봉전: 제조일로부터 3년 이내 / 개봉 후: 12개월', '사용방법 세안 후 토너 단계에서 적당량을 화장솜에 덜어 얼굴 전체에 부드럽게 닦듯이 펴 발라줍니다.', '화장품제조업자,화장품책임판매업자 및 맞춤형화장품판매업자 프랑스 코스메틱 액티브 프로덕션사 / 엘오케이 유한회사', '제조국 프랑스', '화장품법에 따라 기재해야 하는 모든 성분 정제수 부틸렌글라이콜 피이지-8 글리세린 소듐피씨에이 피이지-60하이드로제네이티드캐스터오일 살리실릭애씨드 클로페네신 디포타슘글리시리제이트 테트라소듐이디티에이 소듐시트레이트 시트릭애씨드 포타슘하이드록사이드 잔탄검 토코페릴아세테이트', '기능성 화장품 식품의약품안전처 심사필 여부 해당사항 없음', '사용할 때의 주의사항 *더 자세한 내용은 각 제품 포장에 기재된 주의사항 참고*', '1. 화장품 사용 시 또는 사용 후 직사광선에 의하여 사용부위가 붉은 반점, 부어오름 또는 가려움증 등의 이상 증상이나 부작용이 있는 경우 전문의 등과 상담할 것', '2. 상처가 있는 부위 등에는 사용을 자제할 것', '3. 보관 및 취급 시의 주의사항', '1) 어린이의 손이 닿지 않는 곳에 보관할 것', '2) 직사광선을 피해서 보관할 것', ""품질보증기준 본 제품에 이상이 있을 경우, 공정거래위원회 고시 품목별 '소비자 분쟁 해결 기준' 에 의해 보상해드립니다."", '소비자상담 전화번호 라로슈포제 고객케어센터: 080-344-0088 / 올리브영 고객센터: 1522-0882']","['./prdimgs/page_1_prd_11_thumb1.jpg', './prdimgs/page_1_prd_11_thumb2.jpg']",200ml,개봉전: 제조일로부터 3년 이내 / 개봉 후: 12개월,정제수 부틸렌글라이콜 피이지-8 글리세린 소듐피씨에이 피이지-60하이드로제네이티드캐스터오일 살리실릭애씨드 클로페네신 디포타슘글리시리제이트 테트라소듐이디티에이 소듐시트레이트 시트릭애씨드 포타슘하이드록사이드 잔탄검 토코페릴아세테이트
1번 진정 맑게담은 청초토너,넘버즈인,"40,000","['내용물의 용량 또는 중량 [본품] 300ml / [리필] 300ml', '제품 주요 사양 모든 피부 용', '사용기한(또는 개봉 후 사용기간) [본품] 제조일로부터 36개월 / 개봉 후 12개월 이내 사용', '사용방법 세안 후 적당량을 화장솜에 적셔 얼굴 피부 결을 따라 안쪽에서 바깥쪽으로 닦아내거나, 손에 덜어 피부에 흡수시켜줍니다.', '화장품제조업자,화장품책임판매업자 및 맞춤형화장품판매업자 (주)씨엔에프 / (주)비나우', '제조국 대한민국', '화장품법에 따라 기재해야 하는 모든 성분 병풀추출물, 약모밀추출물, 감초뿌리추출물, 1,2-헥산다이올, 다이프로필렌글라이콜, 프로판다이올,부틸렌글라이콜, 글리세린, 히아신스전초추출물, 하수오전초추출물, 카보머, 하이드록시에틸셀룰로오스, 알지닌, 알란토인, 다이소듐이디티에이, 알바수련꽃추출물, 베타인, 판테놀', '기능성 화장품 식품의약품안전처 심사필 여부 해당사항 없음', '사용할 때의 주의사항 가. 화장품 사용 시 또는 사용 후 직사광선에 의하여 사용부위가 붉은 반점, 부어오름 또는 가려움증 등의 이상 증상이나 부작용이 있는 경우에는 전문의 등과 상담할 것 나. 상처가 있는 부위 등에는 사용을 자제할 것 다. 보관 및 취급 시 주의사항 1) 어린이의 손이 닿지 않는 곳에 보관할 것 2. 직사광선을 피해서 보관할 것', '품질보증기준 공정거래위원회 고시 소비자 분쟁해결기준에 의거해 보상해 드립니다.', '소비자상담 전화번호 넘버즈인 고객상담센터 080-850-7771']","['./prdimgs/page_1_prd_12_thumb1.jpg', './prdimgs/page_1_prd_12_thumb2.jpg', './prdimgs/page_1_prd_12_thumb3.jpg', './prdimgs/page_1_prd_12_thumb4.jpg']",300ml,[본품] 제조일로부터 36개월 / 개봉 후 12개월 이내 사용,"병풀추출물, 약모밀추출물, 감초뿌리추출물, 1,2-헥산다이올, 다이프로필렌글라이콜, 프로판다이올,부틸렌글라이콜, 글리세린, 히아신스전초추출물, 하수오전초추출물, 카보머, 하이드록시에틸셀룰로오스, 알지닌, 알란토인, 다이소듐이디티에이, 알바수련꽃추출물, 베타인, 판테놀"
어성초 카밍 토너 스킨부스터,아비브,"45,000","['내용물의 용량 또는 중량 500ml+화장솜 30매', '제품 주요 사양 모든 피부용', '사용기한(또는 개봉 후 사용기간) 제조일로부터 24개월, 개봉후 12개월', '사용방법 적당량을 덜어 피부 결을 따라 부드럽게 바른 뒤 가볍게 두드려 흡수시켜 줍니다.', '화장품제조업자,화장품책임판매업자 및 맞춤형화장품판매업자 코스맥스/(주)포컴퍼니', '제조국 대한민국', '화장품법에 따라 기재해야 하는 모든 성분 정제수, 약모밀추출물, 글리세린, 부틸렌글라이콜, 펜틸렌글라이콜, 자일리톨, 비피다발효용해물, 소듐하이알루로네이트, 돌콩추출물, 병풀추출물, 하이드롤라이즈드하이알루로닉애씨드, 황금추출물, 파스향나무잎추출물, 인동덩굴꽃추출물, 베타인, 1,2-헥산다이올, 판테놀, 에틸헥실글리세린, 옥탄다이올, 토코페롤, 바이오사카라이드검-4, 다이소듐이디티에이, 잔탄검', '기능성 화장품 식품의약품안전처 심사필 여부 해당사항 없음', '사용할 때의 주의사항 1) 화장품 사용 시 또는 사용 후 직사광선에 의하여 사용 부위가 붉은 반점, 부어오름 또는 가려움증 등의 이상 증상이나 부작용이 있는 경우 전문의 등과 상담할 것 2) 상처가 있는 부위 등에는 사용을 자제할 것 3) 보관 및 취급시의 주의사항 가) 어린이의 손이 닿지 않는 곳에 보관 할 것 나) 직사광선을 피해서 보관할 것', '품질보증기준 관련 법 및 소비자 분쟁 해결 기준에 따름', '소비자상담 전화번호 070-4131-5906']","['./prdimgs/page_1_prd_13_thumb1.jpg', './prdimgs/page_1_prd_13_thumb2.jpg', './prdimgs/page_1_prd_13_thumb3.jpg', './prdimgs/page_1_prd_13_thumb4.jpg']",500ml+화장솜,"제조일로부터 24개월, 개봉후 12개월","정제수, 약모밀추출물, 글리세린, 부틸렌글라이콜, 펜틸렌글라이콜, 자일리톨, 비피다발효용해물, 소듐하이알루로네이트, 돌콩추출물, 병풀추출물, 하이드롤라이즈드하이알루로닉애씨드, 황금추출물, 파스향나무잎추출물, 인동덩굴꽃추출물, 베타인, 1,2-헥산다이올, 판테놀, 에틸헥실글리세린, 옥탄다이올, 토코페롤, 바이오사카라이드검-4, 다이소듐이디티에이, 잔탄검"
다이브인 저분자 히알루론산 토너,토리든,"21,000","['내용물의 용량 또는 중량 [본품] 다이브인 토너 300ml [증정] 다이브인 토너 100ml', '제품 주요 사양 모든 피부 타입', '사용기한(또는 개봉 후 사용기간) 제조일로부터 3년 / 개봉 후 12개월', '사용방법 세안 후 화장솜 혹은 손에 적당량을 덜어 피부결을 따라 부드럽게 흡수시켜 줍니다.', '화장품제조업자,화장품책임판매업자 및 맞춤형화장품판매업자 (주)세레코 / (주)토리든', '제조국 대한민국', '화장품법에 따라 기재해야 하는 모든 성분 정제수, 부틸렌글라이콜, 다이프로필렌글라이콜, 1,2-헥산다이올, 글리세린, 베타인, 알란토인, 판테놀, 쇠비름추출물, 트레할로오스, 소듐하이알루로네이트, 하이드롤라이즈드하이알루로닉애씨드(100ppm), 소듐하이알루로네이트크로스폴리머, 하이드롤라이즈드소듐하이알루로네이트, 소듐아세틸레이티드하이알루로네이트, 2,3-부탄다이올, 펜틸렌글라이콜, 말라카이트추출물, 다이소듐이디티에이, 에틸헥실글리세린', '기능성 화장품 식품의약품안전처 심사필 여부 해당사항 없음', '사용할 때의 주의사항 1) 화장품 사용 시 또는 사용 후 직사광선에 의하여 사용부위가 붉은 반점, 부어오름 또는 가려움증 등의 이상 증상이나 부작용이 있는 경우 전문의 등과 상담할 것', '2) 상처가 있는 부위 등에는 사용을 자제할 것', '3) 보관 및 취급 시의 주의사항', '가) 어린이의 손이 닿지 않는 곳에 보관할 것', '나) 직사광선을 피해서 보관할 것', '품질보증기준 본 제품은 공정거래위원회고시 소비자분쟁해결 기준에 의거 교환 또는 보상 받을 수 있습니다.', '소비자상담 전화번호 1600-3584']","['./prdimgs/page_1_prd_14_thumb1.jpg', './prdimgs/page_1_prd_14_thumb2.jpg', './prdimgs/page_1_prd_14_thumb3.jpg']",100ml,제조일로부터 3년 / 개봉 후 12개월,"정제수, 부틸렌글라이콜, 다이프로필렌글라이콜, 1,2-헥산다이올, 글리세린, 베타인, 알란토인, 판테놀, 쇠비름추출물, 트레할로오스, 소듐하이알루로네이트, 하이드롤라이즈드하이알루로닉애씨드(100ppm), 소듐하이알루로네이트크로스폴리머, 하이드롤라이즈드소듐하이알루로네이트, 소듐아세틸레이티드하이알루로네이트, 2,3-부탄다이올, 펜틸렌글라이콜, 말라카이트추출물, 다이소듐이디티에이, 에틸헥실글리세린"
1025 독도 토너,라운드랩,"45,000","['내용물의 용량 또는 중량 [본품]라운드랩 1025 독도 토너 500ml+[증정품]라운드랩 자작나무 수분 크림 50ml+[증정품]라운드랩 자작나무 수분패드 10ea', '제품 주요 사양 모든 피부용', '사용기한(또는 개봉 후 사용기간) 제조일로부터 36개월, 개봉 후 12개월 이내 사용', '사용방법 세안 후 적당량을 덜어 화장솜에 충분히 적신 뒤, 피부결을 따라 부드럽게 닦아내어 피부를 정돈시켜줍니다.', '화장품제조업자,화장품책임판매업자 및 맞춤형화장품판매업자 제조업자: (주)코스맥스 / 화장품책임판매업자: 서린컴퍼니㈜', '제조국 대한민국', '화장품법에 따라 기재해야 하는 모든 성분 [라운드랩 1025 독도 토너]', '정제수, 부틸렌글라이콜, 글리세린, 펜틸렌글라이콜, 프로판다이올, 아이리쉬모스추출물, 사탕수수추출물, 해수, 1,2-헥산다이올, 프로테아제, 베타인, 판테놀, 에틸헥실글리세린, 알란토인, 잔탄검, 다이소듐이디티에이', '', '[라운드랩 자작나무 수분 크림]', '정제수, 글리세린, 아이소노닐아이소노나노에이트, 아이소도데케인, 1,2-헥산다이올, 펜틸렌글라이콜, 폴리데센, 자작나무수액(10,000ppm), 호호바에스터, 판테놀, 글리세릴글루코사이드, 아라비아고무나무검, 하이드롤라이즈드오크라추출물, 소듐하이알루로네이트, 하이알루로닉애씨드, 화이트루핀씨추출물, 드럼스틱씨추출물, 인도멀구슬나무잎추출물, 인도멀구슬나무꽃추출물, 아이비고드열매추출물, 알로에베라꽃추출물, 가지열매추출물, 홀리바질잎추출물, 참산호말추출물, 울금뿌리추출물, 아스코빅애씨드, 펜타에리스리틸테트라에틸헥사노에이트, 암모늄아크릴로일다이메틸타우레이트/브이피코폴리머, 폴리글리세릴-3메틸글루코오스다이스테아레이트, 아크릴레이트/C10-30알킬아크릴레이트크로스폴리머, 트로메타민, 글리세릴아크릴레이트/아크릴릭애씨드코폴리머, 에틸헥실글리세린, 아가, 다이포타슘글리시리제이트, 글리세릴카프릴레이트, 부틸렌글라이콜, 다이소듐이디티에이', '', '[자작나무 수분 패드]', '정제수, 다이프로필렌글라이콜, 글리세린, 자작나무수액(10,967ppm), 자일리틸글루코사이드, 안하이드로자일리톨, 자일리톨, 글루코오스, 다이포타슘글리시리제이트, 소듐하이알루로네이트, 판테놀, 글리세릴글루코사이드, 글리세릴카프릴레이트, 하이알루로닉애씨드, 하이드롤라이즈드하이알루로닉애씨드, 아스코빅애씨드, 알란토인, 1,2-헥산다이올, 알지닌, 헥실렌글라이콜, 하이드록시아세토페논, 다이소듐이디티에이, 잔탄검, 카보머', '기능성 화장품 식품의약품안전처 심사필 여부 해당사항 없음', '사용할 때의 주의사항 가. 화장품 사용 시 또는 사용 후 직사광선에 의하여 사용부위가 붉은 반점, 부어오름 또는 가려움증 등의 이상 증상이나 부작용이 있는 경우에는 전문의 등과 상담할 것', '나. 상처가 있는 부위 등에는 사용을 자제할 것', '다. 보관 및 취급 시 주의사항', '1) 어린이의 손이 닿지 않는 곳에 보관할 것', '2) 직사광선을 피해서 보관할 것', '품질보증기준 본 상품에 이상이 있을 경우, 공정거래위원회 고시 소비자분쟁해결기준에 의해 보상해드립니다.', '소비자상담 전화번호 070-7717-0675']","['./prdimgs/page_1_prd_15_thumb1.jpg', './prdimgs/page_1_prd_15_thumb2.jpg', './prdimgs/page_1_prd_15_thumb3.jpg']",50ml+[증정품]라운드랩,"제조일로부터 36개월, 개봉 후 12개월 이내 사용",[라운드랩 1025 독도 토너]
풀핏 프로폴리스 시너지 토너,코스알엑스,"44,000","['내용물의 용량 또는 중량 280ml + 280ml', '제품 주요 사양 모든 피부 타입', '사용기한(또는 개봉 후 사용기간) 제조일로부터 36개월 / 개봉 후 12개월', '사용방법 스킨케어 첫 단계에서 본품 적당량을 취해 골고루 흡수 시킵니다', '화장품제조업자,화장품책임판매업자 및 맞춤형화장품판매업자 (주)한국기능성화장품연구센터 / (주)코스알엑스', '제조국 대한민국', '화장품법에 따라 기재해야 하는 모든 성분 프로폴리스추출물, 꿀추출물, 부틸렌글라이콜, 1,2-헥산다이올, 글리세린, 베타인, 결명자추출물, 판테놀, 폴리글리세릴-10라우레이트, 폴리글리세릴-10미리스테이트, 에틸헥실글리세린, 소듐하이알루로네이트, 하이드록시에틸아크릴레이트/소듐아크릴로일다이메틸타우레이트코폴리머, 카프릴릭/카프릭트라이글리세라이드', '기능성 화장품 식품의약품안전처 심사필 여부 해당사항 없음', '사용할 때의 주의사항 1. 화장품 사용 시 또는 사용 후 직사광선에 의하여 사용부위가 붉은 반점, 부어오름 또는 가려움증 등의 이상 증상이나 부작용이 있는 경우 전문의 등과 상담할 것', '2. 상처가 있는 부위 등에는 사용을 자제할 것', '3. 보관 및 취급 시의 주의사항', '가) 어린이의 손이 닿지 않는 곳에 보관할 것', '나) 직사광선을 피해서 보관할 것', '품질보증기준 본 제품에 이상이 있을 경우 공정거래위원회 고시”소비자분쟁해결기준”에 의해 보상해 드립니다.', '소비자상담 전화번호 고객서비스센터 031-714-9488 / 카카오플러스친구 (ID : 코스알엑스)']","['./prdimgs/page_1_prd_16_thumb1.jpg', './prdimgs/page_1_prd_16_thumb2.jpg', './prdimgs/page_1_prd_16_thumb3.jpg', './prdimgs/page_1_prd_16_thumb4.jpg']",280ml,제조일로부터 36개월 / 개봉 후 12개월,"프로폴리스추출물, 꿀추출물, 부틸렌글라이콜, 1,2-헥산다이올, 글리세린, 베타인, 결명자추출물, 판테놀, 폴리글리세릴-10라우레이트, 폴리글리세릴-10미리스테이트, 에틸헥실글리세린, 소듐하이알루로네이트, 하이드록시에틸아크릴레이트/소듐아크릴로일다이메틸타우레이트코폴리머, 카프릴릭/카프릭트라이글리세라이드"
랙틱 애시드 10% + HA,디오디너리,"13,400","['내용물의 용량 또는 중량 30ml', '제품 주요 사양 모든피부타입', '사용기한(또는 개봉 후 사용기간) 개봉 후 12개월(제조연월 별도표기)', '사용방법 하루에 한 번 사용하세요. 저녁에 사용하는 것을 권장합니다. 피부가 내성을 기를 때까지 다른 트리트먼트로 희석하여 사용할 수 있습니다. 눈에 들어가지 않도록 주의하세요. 본 제품의 피부 접촉은 한정된 빈도 또는 기간으로 제한되어야 합니다. 자극이 발생할 경우 사용을 중단하고 의사와 상의하시기 바랍니다. 손상되지 않은 피부에 지시된 대로만 사용하세요. 사용 전 패치 테스트를 권장합니다. 패치 테스팅 가이드 카드 또는 당사 웹사이트의 패치 테스트 상세 가이드를 참조하세요. 어린이의 손이 닿지 않는 곳에 보관하세요.', '(광화상 경고: 본 제품은 햇볕에 대한 피부의 민감도를 높이는 알파 하이드록시산(AHA)을 함유하고 있음으로 광화상이 발생할 수 있습니다. 제품 사용 기간과 이후 1주일 동안은 자외선 차단제를 사용하고 피부를 보호하는 복장을 착용하며 햇볕 노출에 주의하세요.)', '화장품제조업자,화장품책임판매업자 및 맞춤형화장품판매업자 제조원 : 데시엠뷰티그룹INC / 책임판매업자 : 데시엠아시아퍼시픽㈜', '제조국 캐나다', '화장품법에 따라 기재해야 하는 모든 성분 정제수, 락틱애씨드(10%), 글리세린, 펜틸렌글라이콜, 프로판다이올, 소듐하이드록사이드, 소듐하이알루로네이트크로스폴리머, 마운틴페퍼열매추출물, 마운틴페퍼잎추출물, 아라비아고무나무검, 잔탄검, 아이소세테스-20, 트라이소듐에틸렌다이아민다이석시네이트, 에틸헥실글리세린, 1,2-헥산다이올, 카프릴릴글라이콜', '기능성 화장품 식품의약품안전처 심사필 여부 해당사항 없음', '사용할 때의 주의사항 1. 화장품 사용 시 또는 사용 후 직사광선에 의하여 사용부위가 붉은 반점, 부어오름 또는 가려움증 등의 이상 증상이나 부작용이 있는 경우에는 전문의 등과 상담할 것. 2. 상처가 있는 부위 등에는 사용을 자제할 것.서 보관할 것. 3. 보관 및 취급 시 주의사항 가) 어린이의 손이 닿지 않는 곳에 보관할 것. 나) 직사광선을 피해서 보관할 것.', '품질보증기준 본 상품에 이상이 있을 경우 공정거래위원회 고시 소비자분쟁해결기준에 의해 보상해드립니다.', '소비자상담 전화번호 소비자 상담실: 070-7775-2612']",['./prdimgs/page_1_prd_17_thumb1.jpg'],30ml,개봉 후 12개월(제조연월 별도표기),"정제수, 락틱애씨드(10%), 글리세린, 펜틸렌글라이콜, 프로판다이올, 소듐하이드록사이드, 소듐하이알루로네이트크로스폴리머, 마운틴페퍼열매추출물, 마운틴페퍼잎추출물, 아라비아고무나무검, 잔탄검, 아이소세테스-20, 트라이소듐에틸렌다이아민다이석시네이트, 에틸헥실글리세린, 1,2-헥산다이올, 카프릴릴글라이콜"
그린토마토 포어 리프팅 앰플 토너,성분에디터,"21,000","['내용물의 용량 또는 중량 350ml+100ml', '제품 주요 사양 모든 피부 타입', '사용기한(또는 개봉 후 사용기간) 개봉 전 36개월 / 개봉 후 6개월 이내', '사용방법 세안 후 화장솜에 앰플 토너를 충분히 적신 뒤 피부 결을 따라 부드럽게 닦아낸 후 가볍게 두드려 흡수시켜 줍니다.', '화장품제조업자,화장품책임판매업자 및 맞춤형화장품판매업자 리봄화장품(주)/(주)올리브인터내셔널', '제조국 대한민국', '화장품법에 따라 기재해야 하는 모든 성분 전성분 정제수, 글리세린, 다이프로필렌글라이콜, 부틸렌글라이콜, 나이아신아마이드, 토마토추출물(10,000ppm), 벤질글라이콜, 아데노신, 글리세릴글루코사이드, 자일리톨, 글루코노락톤, 알란토인, 트레할로오스, 판테놀, 인도멀구슬나무잎추출물, 자일리틸글루코사이드, 안하이드로자일리톨, 인도멀구슬나무꽃추출물, 달맞이꽃추출물, 칡뿌리추출물, 대왕송잎추출물, 당느릅나무뿌리추출물, 세라마이드엔피, 토코페롤, 하이드로제네이티드폴리아이소부텐, 소듐하이알루로네이트크로스폴리머, 하이드롤라이즈드글라이코사미노글리칸, 하이드롤라이즈드콜라겐, 소듐하이알루로네이트, 데이지꽃추출물, 하이드롤라이즈드하이알루로닉애씨드, 하이알루로닉애씨드, 지모뿌리추출물, C12-13파레스-9, 1,2-헥산다이올, 에틸헥실글리세린, 하이드롤라이즈드스클레로튬검, 프로판다이올, 페네틸알코올, 소듐클로라이드, 포타슘클로라이드, 다이소듐포스페이트, 포타슘포스페이트', '기능성 화장품 식품의약품안전처 심사필 여부 화장품법에 따른 기능성 화장품 심사(또는 보고)를 필함', '사용할 때의 주의사항 1) 화장품 사용 시 또는 사용 후 직사광선에 의하여 사용부위가 붉은 반점, 부어오름 또는 가려움증 등의 이상 증상이나 부작용이 있는 경우에는 전문의 등과 상담할 것', '2) 상처가 있는 부위 등에는 사용을 자제할 것', '3) 보관 및 취급 시 주의사항', '가) 어린이의 손이 닿지 않는 곳에 보관할 것', '나) 직사광선을 피해서 보관할 것', '품질보증기준 본 제품의 이상이 있을 경우, 공정거래위원회 고시 ""소비자 분쟁 해결 기준""에 의거하여 교환 또는 보상 받을 수 있습니다.', '소비자상담 전화번호 1644-9763']","['./prdimgs/page_1_prd_18_thumb1.jpg', './prdimgs/page_1_prd_18_thumb2.jpg']",350ml+100ml,개봉 전 36개월 / 개봉 후 6개월 이내,"정제수, 글리세린, 다이프로필렌글라이콜, 부틸렌글라이콜, 나이아신아마이드, 토마토추출물(10,000ppm), 벤질글라이콜, 아데노신, 글리세릴글루코사이드, 자일리톨, 글루코노락톤, 알란토인, 트레할로오스, 판테놀, 인도멀구슬나무잎추출물, 자일리틸글루코사이드, 안하이드로자일리톨, 인도멀구슬나무꽃추출물, 달맞이꽃추출물, 칡뿌리추출물, 대왕송잎추출물, 당느릅나무뿌리추출물, 세라마이드엔피, 토코페롤, 하이드로제네이티드폴리아이소부텐, 소듐하이알루로네이트크로스폴리머, 하이드롤라이즈드글라이코사미노글리칸, 하이드롤라이즈드콜라겐, 소듐하이알루로네이트, 데이지꽃추출물, 하이드롤라이즈드하이알루로닉애씨드, 하이알루로닉애씨드, 지모뿌리추출물, C12-13파레스-9, 1,2-헥산다이올, 에틸헥실글리세린, 하이드롤라이즈드스클레로튬검, 프로판다이올, 페네틸알코올, 소듐클로라이드, 포타슘클로라이드, 다이소듐포스페이트, 포타슘포스페이트"
맑은 어성초 진정 수분 토너,구달,"30,000","['내용물의 용량 또는 중량 토너 300ml + 토너 300ml (리필)', '제품 주요 사양 모든 피부', '사용기한(또는 개봉 후 사용기간) [토너] 개봉 전 36개월 / 개봉 후 12개월', '사용방법 세안 후 화장솜에 충분히 적셔 피부결을 따라 부드럽게 닦아내며 피부를 정돈시켜 줍니다.', '화장품제조업자,화장품책임판매업자 및 맞춤형화장품판매업자 코스맥스(주)/대한민국', '제조국 대한민국', '화장품법에 따라 기재해야 하는 모든 성분 정제수, 어성초추출물(=약모밀추출물, 20%), 메틸프로판다이올, 펜틸렌글라이콜, 글리세린, 아이리쉬모스추출물, 사탕수수추출물, 바질오일, 오렌지껍질오일, 라벤더오일, 흰버드나무껍질추출물, 소듐하이알루로네이트, 하이드롤라이즈드하이알루로닉애씨드, 하이알루로닉애씨드, 폴리글리세릴-10라우레이트, 에틸헥실글리세린, 소듐시트레이트, 시트릭애씨드, 토코페롤, 1,2-헥산다이올, 하이드록시프로필트라이모늄하이알루로네이트, 소듐아세틸레이티드하이알루로네이트, 하이드롤라이즈드소듐하이알루로네이트, 소듐하이알루로네이트크로스폴리머, 포타슘하이알루로네이트, 잔탄검', '기능성 화장품 식품의약품안전처 심사필 여부 해당사항 없음', '사용할 때의 주의사항 1) 화장품 사용 시 또는 사용 후 직사광선에 의하여 사용부위가 붉은 반점, 부어오름 또는 가려움증 등의 이상 증상이나 부작용이 있는 경우에는 전문의 등과 상담할 것', '2) 상처가 있는 부위 등에는 사용을 자제할 것', '3) 보관 및 취급 시 주의사항 가) 어린이의 손이 닿지 않는 곳에 보관 할 것 나) 직사광선을 피해서 보관할 것', '* 식물성 유래 성분이 함유되어 있어 아지랑이나 이물이 발생할 수 있으나 제품에는 이상이 없습니다.', ""품질보증기준 본 제품에 이상이 있을 경우 공정거래위원회 고시 '소비자분쟁해결기준'에 의거 보상해드립니다."", ""소비자상담 전화번호 본 제품에 이상이 있을 경우 공정거래위원회 고시 '소비자분쟁해결기준'에 의거 보상해드립니다.""]","['./prdimgs/page_1_prd_19_thumb1.jpg', './prdimgs/page_1_prd_19_thumb2.jpg']",300ml,[토너] 개봉 전 36개월 / 개봉 후 12개월,* 식물성 유래 성분이 함유되어 있어 아지랑이나 이물이 발생할 수 있으나 제품에는 이상이 없습니다.
1025 독도 토너,라운드랩,"30,000","['내용물의 용량 또는 중량 [본품]라운드랩 1025 독도 토너 500ml+[증정품]라운드랩 1025 독도 토너 100ml', '제품 주요 사양 모든 피부용', '사용기한(또는 개봉 후 사용기간) 제조일로부터 36개월, 개봉 후 12개월 이내 사용', '사용방법 세안 후 적당량을 덜어 화장솜에 충분히 적신 뒤, 피부결을 따라 부드럽게 닦아내어 피부를 정돈시켜줍니다.', '화장품제조업자,화장품책임판매업자 및 맞춤형화장품판매업자 제조업자: (주)코스맥스 / 화장품책임판매업자: 서린컴퍼니㈜', '제조국 대한민국', '화장품법에 따라 기재해야 하는 모든 성분 정제수, 부틸렌글라이콜, 글리세린, 펜틸렌글라이콜, 프로판다이올, 아이리쉬모스추출물, 사탕수수추출물, 해수, 1,2-헥산다이올, 프로테아제, 베타인, 판테놀, 에틸헥실글리세린, 알란토인, 잔탄검, 다이소듐이디티에이', '기능성 화장품 식품의약품안전처 심사필 여부 해당사항 없음', '사용할 때의 주의사항 가. 화장품 사용 시 또는 사용 후 직사광선에 의하여 사용부위가 붉은 반점, 부어오름 또는 가려움증 등의 이상 증상이나 부작용이 있는 경우에는 전문의 등과 상담할 것', '나. 상처가 있는 부위 등에는 사용을 자제할 것', '다. 보관 및 취급 시 주의사항', '1) 어린이의 손이 닿지 않는 곳에 보관할 것', '2) 직사광선을 피해서 보관할 것', '품질보증기준 본 상품에 이상이 있을 경우, 공정거래위원회 고시 소비자분쟁해결기준에 의해 보상해드립니다.', '소비자상담 전화번호 070-7717-0675']","['./prdimgs/page_1_prd_20_thumb1.jpg', './prdimgs/page_1_prd_20_thumb2.jpg', './prdimgs/page_1_prd_20_thumb3.jpg']",100ml,"제조일로부터 36개월, 개봉 후 12개월 이내 사용","정제수, 부틸렌글라이콜, 글리세린, 펜틸렌글라이콜, 프로판다이올, 아이리쉬모스추출물, 사탕수수추출물, 해수, 1,2-헥산다이올, 프로테아제, 베타인, 판테놀, 에틸헥실글리세린, 알란토인, 잔탄검, 다이소듐이디티에이"
레드 블레미쉬 클리어 수딩 토너,닥터지,"39,000","['내용물의 용량 또는 중량 토너 500ml', '제품 주요 사양 모든 피부 / 민감 피부', '사용기한(또는 개봉 후 사용기간) 30개월(개봉 후 12개월 이내 사용을 권장드립니다)', '사용방법 스킨케어 첫 단계에서 화장솜에 내용물을 충분히 취해 피부결을 따라 부드럽게 닦아낸 후, 남은 내용물을 톡톡 두드려 흡수시켜 줍니다', '화장품제조업자,화장품책임판매업자 및 맞춤형화장품판매업자 제조업자 : (주)한국콜마 / 책임판매업자 : (주)고운세상코스메틱', '제조국 대한민국', '화장품법에 따라 기재해야 하는 모든 성분 정제수, 다이프로필렌글라이콜, 프로판다이올, 펜틸렌글라이콜, 나이아신아마이드, 부틸렌글라이콜, 글리세린, 쇠비름추출물, 병풀추출물, 무화과추출물, 흰버드나무껍질추출물, 사탕수수추출물, 사과추출물, 케이프알로에잎추출물, 하이드로제네이티드레시틴, 판테놀, 라피노오스, 아크릴레이트/C10-30알킬아크릴레이트크로스폴리머, 트로메타민, 다이소듐이디티에이, 베타인, 베타-글루칸, 마데카소사이드, 세라마이드엔피, 마데카식애씨드, 아시아티코사이드, 아시아틱애씨드, 에틸헥실글리세린, 1,2-헥산다이올, 카프릴릴글라이콜', '기능성 화장품 식품의약품안전처 심사필 여부 해당사항 없음', '사용할 때의 주의사항 가. 공통사항', '1) 화장품 사용 시 또는 사용 후 직사광선에 의하여 사용부위가 붉은 반점,', '부어오름 또는 가려움증 등의 이상 증상이나 부작용이 있는 경우 전문의', '등과 상담할 것', '2) 상처가 있는 부위 등에는 사용을 자제할 것', '3) 보관 및 취급 시의 주의사항', '가) 어린이의 손이 닿지 않는 곳에 보관할 것', '나) 직사광선을 피해서 보관할 것', '품질보증기준 본 상품에 이상이 있을 경우 공정거래위원회 고시""소비자 분쟁 해결 기준""에 의해 보상해 드립니다.', '소비자상담 전화번호 ㈜고운세상코스메틱 1811-9415']","['./prdimgs/page_1_prd_21_thumb1.jpg', './prdimgs/page_1_prd_21_thumb2.jpg', './prdimgs/page_1_prd_21_thumb3.jpg']",500ml,30개월(개봉 후 12개월 이내 사용을 권장드립니다),"정제수, 다이프로필렌글라이콜, 프로판다이올, 펜틸렌글라이콜, 나이아신아마이드, 부틸렌글라이콜, 글리세린, 쇠비름추출물, 병풀추출물, 무화과추출물, 흰버드나무껍질추출물, 사탕수수추출물, 사과추출물, 케이프알로에잎추출물, 하이드로제네이티드레시틴, 판테놀, 라피노오스, 아크릴레이트/C10-30알킬아크릴레이트크로스폴리머, 트로메타민, 다이소듐이디티에이, 베타인, 베타-글루칸, 마데카소사이드, 세라마이드엔피, 마데카식애씨드, 아시아티코사이드, 아시아틱애씨드, 에틸헥실글리세린, 1,2-헥산다이올, 카프릴릴글라이콜"
세라마이딘 스킨 베리어 세럼 토너,닥터자르트,"39,000","['내용물의 용량 또는 중량 본품 150ml', '제품 주요 사양 모든피부용도', '사용기한(또는 개봉 후 사용기간) 제조일로부터 36개월이내, 개봉후 12개월이내', '사용방법 아침, 저녁 세안 후 적당량을 덜어 얼굴 전체에 고르게 펴 바른 후 손바닥의 체온으로 흡수시켜 줍니다.', '화장품제조업자,화장품책임판매업자 및 맞춤형화장품판매업자 한국콜마(주)/해브앤비(유)', '제조국 대한민국', '화장품법에 따라 기재해야 하는 모든 성분 정제수, 다이프로필렌글라이콜, 베타인, 프로판다이올, 변성알코올, 글라이코실트레할로오스, 글리세린, 1,2-헥산다이올, 판테놀, 펜틸렌글라이콜, 에리스리톨, 하이드로제네이티드스타치하이드롤리세이트, 트라이에틸헥사노인, 다이페닐다이메티콘, 폴리글리세릴-10미리스테이트, 세라마이드엔피, 수크로오스다이스테아레이트, 에틸헥실글리세린, 소듐하이알루로네이트, 카카오씨추출물, 센티드제라늄꽃오일, 올리브오일, 베르가모트오일, C12-14파레스-12, 하이드로제네이티드레시틴, 아크릴레이트/C10-30알킬아크릴레이트크로스폴리머, 트로메타민, 카보머, 글리세릴폴리메타크릴레이트, 글리세릴스테아레이트, 덱스트린, 살비아오일, 시트로넬올, 다이소듐이디티에이, 황색4호', '기능성 화장품 식품의약품안전처 심사필 여부 화장품법에 따른 기능성 화장품 심사(또는 보고)를 필함', '사용할 때의 주의사항 사용 시의 주의사항', '1) 화장품 사용 시 또는 사용 후 직사광선에 의하여 사용부위가 붉은 반점, 부어오름 또는 가려움증 등의 이상 증상이나 부작용이 있는 경우 전문의 등과 상담할 것', '2) 상처가 있는 부위 등에는 사용을 자제할 것', '3) 보관 및 취급 시의 주의사항', '가) 어린이의 손이 닿지 않는 곳에 보관할 것', '나) 직사광선을 피해서 보관할 것', '품질보증기준 본 상품에 이상이 있을 경우 공정거래위원회 고시에 의해 보상해 드립니다.', '소비자상담 전화번호 닥터자르트 1544-5453']","['./prdimgs/page_1_prd_22_thumb1.jpg', './prdimgs/page_1_prd_22_thumb2.jpg', './prdimgs/page_1_prd_22_thumb3.jpg']",150ml,"제조일로부터 36개월이내, 개봉후 12개월이내","정제수, 다이프로필렌글라이콜, 베타인, 프로판다이올, 변성알코올, 글라이코실트레할로오스, 글리세린, 1,2-헥산다이올, 판테놀, 펜틸렌글라이콜, 에리스리톨, 하이드로제네이티드스타치하이드롤리세이트, 트라이에틸헥사노인, 다이페닐다이메티콘, 폴리글리세릴-10미리스테이트, 세라마이드엔피, 수크로오스다이스테아레이트, 에틸헥실글리세린, 소듐하이알루로네이트, 카카오씨추출물, 센티드제라늄꽃오일, 올리브오일, 베르가모트오일, C12-14파레스-12, 하이드로제네이티드레시틴, 아크릴레이트/C10-30알킬아크릴레이트크로스폴리머, 트로메타민, 카보머, 글리세릴폴리메타크릴레이트, 글리세릴스테아레이트, 덱스트린, 살비아오일, 시트로넬올, 다이소듐이디티에이, 황색4호"
4번 메이크업 찰떡 미네랄 토너,넘버즈인,"24,000","['내용물의 용량 또는 중량 [본품] 200ml / [증정] 50ml', '제품 주요 사양 모든 피부용', '사용기한(또는 개봉 후 사용기간) 제조일로부터 36개월 / 개봉 후 12개월 이내 사용', '사용방법 세안 후 적당량을 화장솜에 적셔 얼굴 피부결을 따라 안쪽에서 바깥쪽으로 닦아내거나, 손에 덜어 피부에 흡수시켜줍니다.', '화장품제조업자,화장품책임판매업자 및 맞춤형화장품판매업자 삼성메디코스(주) / (주)비나우', '제조국 대한민국', '화장품법에 따라 기재해야 하는 모든 성분 온천수, 1,2-헥산다이올, 메틸프로판다이올, 글리세린, 나이아신아마이드, 솔비톨, 정제수, 자일리톨, 하이드록시에틸우레아, 글루코노락톤, 소듐폴리스타이렌설포네이트, 하이드록시에틸셀룰로오스, 폴리글리세릴-10라우레이트, 베타인살리실레이트, 폴리쿼터늄-51, 다이소듐이디티에이, 노니추출물, 파파야열매추출물, 부틸렌글라이콜, 마데카소사이드, 병풀추출물, 펜틸렌글라이콜, 호장근뿌리추출물, 황금추출물, 녹차추출물, 스페인감초뿌리추출물, 소듐하이알루로네이트, 마트리카리아꽃추출물, 로즈마리잎추출물, 소듐하이알루로네이트크로스폴리머, 하이드롤라이즈드하이알루로닉애씨드, 하이알루로닉애씨드, 하이드롤라이즈드소듐하이알루로네이트', '기능성 화장품 식품의약품안전처 심사필 여부 화장품법에 따른 기능성 화장품 심사(또는 보고)를 필함', '사용할 때의 주의사항 가. 화장품 사용 시 또는 사용 후 직사광선에 의하여 사용부위가 붉은 반점, 부어오름 또는 가려움증 등의 이상 증상이나 부작용이 있는 경우에는 전문의 등과 상담할 것 나. 상처가 있는 부위 등에는 사용을 자제할 것 다. 보관 및 취급 시 주의사항 1) 어린이의 손이 닿지 않는 곳에 보관할 것 2) 직사광선을 피해서 보관할 것 라. 살리실릭애씨드 및 그 염류를 함유하고 있으므로 만 3세 이하 어린이에게는 사용하지 말 것', '품질보증기준 본 제품에 이상이 있을 경우, 공정거래위원회 고시 소비자분쟁해결기준에 의거 보상해드립니다.', '소비자상담 전화번호 넘버즈인 고객상담센터 080-850-7771']","['./prdimgs/page_1_prd_23_thumb1.jpg', './prdimgs/page_1_prd_23_thumb2.jpg', './prdimgs/page_1_prd_23_thumb3.jpg', './prdimgs/page_1_prd_23_thumb4.jpg']",50ml,제조일로부터 36개월 / 개봉 후 12개월 이내 사용,"온천수, 1,2-헥산다이올, 메틸프로판다이올, 글리세린, 나이아신아마이드, 솔비톨, 정제수, 자일리톨, 하이드록시에틸우레아, 글루코노락톤, 소듐폴리스타이렌설포네이트, 하이드록시에틸셀룰로오스, 폴리글리세릴-10라우레이트, 베타인살리실레이트, 폴리쿼터늄-51, 다이소듐이디티에이, 노니추출물, 파파야열매추출물, 부틸렌글라이콜, 마데카소사이드, 병풀추출물, 펜틸렌글라이콜, 호장근뿌리추출물, 황금추출물, 녹차추출물, 스페인감초뿌리추출물, 소듐하이알루로네이트, 마트리카리아꽃추출물, 로즈마리잎추출물, 소듐하이알루로네이트크로스폴리머, 하이드롤라이즈드하이알루로닉애씨드, 하이알루로닉애씨드, 하이드롤라이즈드소듐하이알루로네이트"
비피다 바이옴 앰플 토너,마녀공장,"25,000","['내용물의 용량 또는 중량 [본품] 400ml + [증정] 100ml', '제품 주요 사양 모든 피부용', '사용기한(또는 개봉 후 사용기간) 제조일로부터 3년, 개봉 후 1년', '사용방법 세안 후 화장솜에 앰플 토너를 충분히 적신 뒤 피부 결을 따라 부드럽게 닦아낸 후 가볍게 두드려 흡수시켜 줍니다', '화장품제조업자,화장품책임판매업자 및 맞춤형화장품판매업자 코스맥스(주) / (주)마녀공장', '제조국 대한민국', '화장품법에 따라 기재해야 하는 모든 성분 정제수, 부틸렌글라이콜, 글리세린, 프로판다이올, 펜틸렌글라이콜, 버지니아풍년화수, 락토바실러스발효용해물, 락토코쿠스발효용해물, 락토바실러스/호박발효추출물, 효모발효여과물, 베타인, 알란토인, 판테놀, 세라마이드엔피, 하이알루로닉애씨드, 하이드롤라이즈드하이알루로닉애씨드, 하이드롤라이즈드글라이코사미노글리칸, 소듐하이알루로네이트, 소듐하이알루로네이트크로스폴리머, 하이드로제네이티드레시틴, 비피다발효여과물, 비피다발효용해물, 자일리톨, 안하이드로자일리톨, 자일리틸글루코사이드, 글루코오스, 1,2-헥산다이올, 흰버드나무껍질추출물, 락토바이오닉애씨드, 사탕수수추출물, 쿠티박테리움 그라눌로숨발효추출여과물(10ppb), 프룩토오스, 프룩토올리고사카라이드, 카프릴릭/카프릭트라이글리세라이드, 벤질글라이콜, 토코페롤, 에틸헥실글리세린, 잔탄검, 다이소듐이디티에이, 아이리쉬모스추출물, 클로렐라 불가리스추출물', '기능성 화장품 식품의약품안전처 심사필 여부 해당사항 없음', '사용할 때의 주의사항 1) 화장품 사용 시 또는 사용 후 직사광선에 의하여 사용부위가 붉은 반점,부어오름 또는 가려움증 등의 이상 증상이나 부작용이 있는 경우 전문의 등과 상담할 것 2) 상처가 있는 부위 등에는 사용을 자제할 것 3) 보관 및 취급 시의 주의사항 가) 어린이의 손이 닿지 않는 곳에 보관할 것 나) 직사광선을 피해서 보관할 것', '품질보증기준 본 상품에 이상이 있을 경우 공정거래위원회 고시 소비자 분쟁해결 기준에 따라 교환 및 환불을 받을 수 있습니다', '소비자상담 전화번호 02-6013-0855']","['./prdimgs/page_2_prd_0_thumb1.jpg', './prdimgs/page_2_prd_0_thumb2.jpg']",100ml,"제조일로부터 3년, 개봉 후 1년","정제수, 부틸렌글라이콜, 글리세린, 프로판다이올, 펜틸렌글라이콜, 버지니아풍년화수, 락토바실러스발효용해물, 락토코쿠스발효용해물, 락토바실러스/호박발효추출물, 효모발효여과물, 베타인, 알란토인, 판테놀, 세라마이드엔피, 하이알루로닉애씨드, 하이드롤라이즈드하이알루로닉애씨드, 하이드롤라이즈드글라이코사미노글리칸, 소듐하이알루로네이트, 소듐하이알루로네이트크로스폴리머, 하이드로제네이티드레시틴, 비피다발효여과물, 비피다발효용해물, 자일리톨, 안하이드로자일리톨, 자일리틸글루코사이드, 글루코오스, 1,2-헥산다이올, 흰버드나무껍질추출물, 락토바이오닉애씨드, 사탕수수추출물, 쿠티박테리움 그라눌로숨발효추출여과물(10ppb), 프룩토오스, 프룩토올리고사카라이드, 카프릴릭/카프릭트라이글리세라이드, 벤질글라이콜, 토코페롤, 에틸헥실글리세린, 잔탄검, 다이소듐이디티에이, 아이리쉬모스추출물, 클로렐라 불가리스추출물"
DMT 에센스 인 토너,피지오겔,"30,000","['내용물의 용량 또는 중량 200ml', '제품 주요 사양 모든피부용', '사용기한(또는 개봉 후 사용기간) 제조일자로부터 36개월', '사용방법 세안 후 적당량을 덜어 손으로 얼굴에 가볍게 두드려 흡수시켜주세요', '화장품제조업자,화장품책임판매업자 및 맞춤형화장품판매업자 엘지생활건강', '제조국 대한민국', '화장품법에 따라 기재해야 하는 모든 성분 정제수, 다이프로필렌글라이콜, 글', '리세린, 1,2-헥산다이올, 헥실데실에틸헥', '사노에이트, 펜타에리스리틸테트라에틸', '헥사노에이트, 변성알코올, 베타인, 사이', '클로펜타실록세인, 아크릴레이트/C10-', '30알킬아크릴레이트크로스폴리머, 트로', '메타민, 다이메티콘, 피토스테롤, 소듐하', '이알루로네이트, 트라이소듐이디티에이,', '세린, 소듐피씨에이, 하이드록시에틸우', '레아, 알지닌, 카프릴릭/카프릭트라이글', '리세라이드, 스쿠알란', '기능성 화장품 식품의약품안전처 심사필 여부 해당사항 없음', '사용할 때의 주의사항 1) 화장품 사용 시 또는 사용 후 직사광선에 의하여 사용부위가 붉은 반점, 부어오름 또는 가려움증 등의 이상 증상이나 부작용이 있는 경우 전문의 등과 상담할 것 2) 상처가 있는 부위 등에는 사용을 자제할 것 3) 보관 및 취급 시의 주의사항 가) 어린이의 손이 닿지 않는 곳에 보관할 것 나) 직사광선을 피해서 보관할 것', '품질보증기준 본 제품에 이상이 있을 경우 공정거래위원회 고시 소비자분쟁해결기준에 의거 보상', '소비자상담 전화번호 080-023-7007']",['./prdimgs/page_2_prd_1_thumb1.jpg'],200ml,제조일자로부터 36개월,"정제수, 다이프로필렌글라이콜, 글"
어성초 77 토너,아누아,"45,000","['내용물의 용량 또는 중량 500ml', '제품 주요 사양 모든 피부용', '사용기한(또는 개봉 후 사용기간) 제조일자로 부터 30개월 / 개봉 후 12개월', '사용방법 세안 후에 적당량을 덜어 피부에 두드려 흡수시켜 줍니다.', '화장품제조업자,화장품책임판매업자 및 맞춤형화장품판매업자 메가코스㈜ / ㈜더파운더즈', '제조국 대한민국', '화장품법에 따라 기재해야 하는 모든 성분 약모밀추출물(77%), 정제수, 1,2-헥산다이올, 글리세린, 베타인, 병풀추출물, 체이스트트리추출물, 우엉뿌리추출물, 진흙버섯추출물, 쇠비름추출물, 포도추출물, 사과추출물, 사탕수수추출물, 판테놀, 마트리카리아꽃추출물, 소듐하이알루로네이트, 하이드록시프로필트라이모늄하이알루로네이트, 하이드롤라이즈드하이알루로닉애씨드, 소듐아세틸레이티드하이알루로네이트, 하이알루로닉애씨드, 소듐하이알루로네이트크로스폴리머, 포타슘하이알루로네이트, 메틸프로판다이올, 부틸렌글라이콜, 아이소펜틸다이올, 아크릴레이트/C10-30알킬아크릴레이트크로스폴리머, 트로메타민, 다이소듐이디티에이', '기능성 화장품 식품의약품안전처 심사필 여부 해당사항 없음', '사용할 때의 주의사항 1. 화장품 사용 시 또는 사용 후 직사광선에 의하여 사용 부위가 붉은 반점, 부어오름 또는 가려움증 등의 이상 증상이나 부작용이 있는 경우 전문의 등과 상담할 것.', '2. 상처가 있는 부위 등에는 사용을 자제할 것.', '3. 보관 및 취급 시의 주의사항', '가) 어린이의 손에 닿지 않는 곳에 보관할 것.', '나) 직사광선을 피해서 보관할 것.', '품질보증기준 본 상품에 이상이 있을 경우, 공정거래위원회 고시 [소비자 분쟁 해결 기준]에 의해 보상해드립니다.', '소비자상담 전화번호 1688-9407']",['./prdimgs/page_2_prd_2_thumb1.jpg'],500ml,제조일자로 부터 30개월 / 개봉 후 12개월,"약모밀추출물(77%), 정제수, 1,2-헥산다이올, 글리세린, 베타인, 병풀추출물, 체이스트트리추출물, 우엉뿌리추출물, 진흙버섯추출물, 쇠비름추출물, 포도추출물, 사과추출물, 사탕수수추출물, 판테놀, 마트리카리아꽃추출물, 소듐하이알루로네이트, 하이드록시프로필트라이모늄하이알루로네이트, 하이드롤라이즈드하이알루로닉애씨드, 소듐아세틸레이티드하이알루로네이트, 하이알루로닉애씨드, 소듐하이알루로네이트크로스폴리머, 포타슘하이알루로네이트, 메틸프로판다이올, 부틸렌글라이콜, 아이소펜틸다이올, 아크릴레이트/C10-30알킬아크릴레이트크로스폴리머, 트로메타민, 다이소듐이디티에이"
에이시카365 수분진정결토너,에스트라,"30,000","['내용물의 용량 또는 중량 250ml', '제품 주요 사양 모든 피부용', '사용기한(또는 개봉 후 사용기간) 36개월 (개봉 후 1년)', '사용방법 아침 저녁 적당량을 손에 덜어 피부결에 따라 부드럽게 펴발라 흡수시켜줍니다.', '* 화장솜을 이용해 토너를 닦아내듯이 사용하는 방법은 민감피부에 자극이 될 수 있으므로 손에 덜어 사용하는 방법을 추천드립니다.', '화장품제조업자,화장품책임판매업자 및 맞춤형화장품판매업자 (주)코스비전/(주)아모레퍼시픽', '제조국 대한민국', '화장품법에 따라 기재해야 하는 모든 성분 정제수, 부틸렌글라이콜, 글리세린, 글루코노락톤, 트로메타민, 1,2-헥산다이올, 판테놀, 프로판다이올, 폴리쿼터늄-51, 에틸헥실글리세린, 다이소듐이디티에이, 마데카소사이드, 베타-글루칸, 폴리글리세릴-10라우레이트, 토코페롤, 스쿠알란, 피토스테롤', '기능성 화장품 식품의약품안전처 심사필 여부 해당사항 없음', '사용할 때의 주의사항 1. 화장품 사용 시 또는 사용 후 직사광선에 의하여 사용부위가 붉은 반점, 부어오름 또는 가려움증 등의 이상 증상이나 부작용이 있는 경우에는 전문의 등과 상담할 것', '2. 상처가 있는 부위 등에는 사용을 자제할 것', '3. 보관 및 취급 시 주의사항', '가) 어린이의 손이 닿지 않는 곳에 보관할 것', '나) 직사광선을 피해서 보관할 것', '품질보증기준 본 제품에 이상이 있을 경우, 공정거래위원회 고시 소비자분쟁해결기준에 의거 보상해 드립니다.', '소비자상담 전화번호 고객상담실 : 080-023-3900']","['./prdimgs/page_2_prd_3_thumb1.jpg', './prdimgs/page_2_prd_3_thumb2.jpg']",250ml,36개월 (개봉 후 1년),"정제수, 부틸렌글라이콜, 글리세린, 글루코노락톤, 트로메타민, 1,2-헥산다이올, 판테놀, 프로판다이올, 폴리쿼터늄-51, 에틸헥실글리세린, 다이소듐이디티에이, 마데카소사이드, 베타-글루칸, 폴리글리세릴-10라우레이트, 토코페롤, 스쿠알란, 피토스테롤"
티트리시카 수딩 토너,브링그린,"27,000","['내용물의 용량 또는 중량 [본품]토너 500mL [증정]크림 20mL/세럼 7mL', '제품 주요 사양 모든 피부용', '사용기한(또는 개봉 후 사용기간) 제조일로부터 36개월, 개봉 후 12개월', '사용방법 내용물을 적당량 덜어 피부결을 따라 부드럽게 펴 발라준 후 흡수시켜 줍니다.', '화장품제조업자,화장품책임판매업자 및 맞춤형화장품판매업자 화장품제조업자 : 코스맥스㈜ /화장품책임판매업자 : 씨제이올리브영주식회사', '제조국 대한민국', '화장품법에 따라 기재해야 하는 모든 성분 티트리추출물(381,680ppm), 정제수, 다이프로필렌글라이콜, 티트리잎추출물(57,200ppm), 티트리잎수(57,200ppm), 병풀추출물(30,380ppm), 1,2-헥산다이올, 부틸렌글라이콜, 티트리꽃/잎/줄기추출물(13,000ppm), 베타인, 판테놀, 옥틸도데세스-16, 소듐시트레이트, 시트릭애씨드, 티트리잎오일(720ppm), 베타인살리실레이트, 잔탄검', '기능성 화장품 식품의약품안전처 심사필 여부 해당사항 없음', '사용할 때의 주의사항 1. 화장품 사용 시 또는 사용 후 직사광선에 의하여 사용 부위가 붉은 반점, 부어오름 또는 가려움증 등의 이상 증상이나 부작용이 있는 경우에는 전문의 등과 상담할 것', '2. 상처가 있는 부위 등에는 사용을 자제할 것', '3. 보관 및 취급 시 주의사항 가) 어린이의 손이 닿지 않는 곳에 보관할 것 나) 직사광선을 피해서 보관할 것', '4. 눈 주위를 피하여 사용할 것', '5. 만 3세 이하 영유아에게는 사용하지 말 것', ""품질보증기준 본 상품에 이상이 있을 경우 공정거래위원회 고시 ‘소비자분쟁해결기준'에 의거 보상해 드립니다."", '소비자상담 전화번호 1577-4887']","['./prdimgs/page_2_prd_4_thumb1.jpg', './prdimgs/page_2_prd_4_thumb2.jpg']",-,"제조일로부터 36개월, 개봉 후 12개월","티트리추출물(381,680ppm), 정제수, 다이프로필렌글라이콜, 티트리잎추출물(57,200ppm), 티트리잎수(57,200ppm), 병풀추출물(30,380ppm), 1,2-헥산다이올, 부틸렌글라이콜, 티트리꽃/잎/줄기추출물(13,000ppm), 베타인, 판테놀, 옥틸도데세스-16, 소듐시트레이트, 시트릭애씨드, 티트리잎오일(720ppm), 베타인살리실레이트, 잔탄검"
하이드라비오 토너,바이오더마,"38,000","['내용물의 용량 또는 중량 500ml', '제품 주요 사양 수분 부족, 건성 피부 및 모든 피부', '사용기한(또는 개봉 후 사용기간) 제조일로부터 3년 이내의 상품을 순차적으로 발송, 개봉 후 6개월', '사용방법 세안 후 화장솜에 적당량을 덜어 피부에 부드럽게 패딩해 줍니다.', '화장품제조업자,화장품책임판매업자 및 맞춤형화장품판매업자 해외제조원 : 나오스 (NAOS) / 355, 휘 피에르-시몬 라플라스 13290, 엑상프로방스, 프랑스 화장품책임판매업자 : 나오스코리아 (유) 서울시 강남구 테헤란로 137, 11층', '제조국 프랑스', '화장품법에 따라 기재해야 하는 모든 성분 정제수, 글리세린, 폴리솔베이트20, 다이소듐이디티에이, 세트리모늄브로마이드, 향료, 나이아신아마이드, 자일리톨, 알란토인, 프룩토올리고사카라이드, 만니톨, 헥실데칸올, 소듐하이드록사이드, 시트릭애씨드, 람노오스, 사과씨추출물, 유채스테롤, 토코페롤', '기능성 화장품 식품의약품안전처 심사필 여부 해당사항 없음', '사용할 때의 주의사항 1) 화장품 사용 시 또는 사용 후 직사광선에 의하여 사용부위가 붉은 반점, 부어오름 또는 가려움증 등의 이상 증상이나 부작용이 있는 경우 전문의 등과 상담할 것', '', '2) 상처가 있는 부위 등에는 사용을 자제할 것', '', '3) 보관 및 취급 시의 주의사항', '', '가. 어린이의 손이 닿지 않는 곳에 보관할 것', '나. 직사광선을 피해서 보관할 것 .', '품질보증기준 본 제품에 이상이 있을 경우 공정거래위원회 고시「품목별 소비자 분쟁해결기준」에 의해 보상해 드립니다.', '소비자상담 전화번호 02-523-7676']","['./prdimgs/page_2_prd_5_thumb1.jpg', './prdimgs/page_2_prd_5_thumb2.jpg']",500ml,"제조일로부터 3년 이내의 상품을 순차적으로 발송, 개봉 후 6개월","정제수, 글리세린, 폴리솔베이트20, 다이소듐이디티에이, 세트리모늄브로마이드, 향료, 나이아신아마이드, 자일리톨, 알란토인, 프룩토올리고사카라이드, 만니톨, 헥실데칸올, 소듐하이드록사이드, 시트릭애씨드, 람노오스, 사과씨추출물, 유채스테롤, 토코페롤"
더모이스처 배리어 D 리퀴드,닥터지,"31,000","['내용물의 용량 또는 중량 닥터지 더모이스처 배리어 D 리퀴드 토너 200ml + 배리어D 로션 30ml', '제품 주요 사양 모든 피부용', '사용기한(또는 개봉 후 사용기간) 36개월(개봉후 12개월 이내 사용 권장)', '사용방법 스킨케어 첫 단계에서 적당량을 손에 덜어 피부 속까지 채워주듯이 두드리며 흡수시켜줍니다.', '* 피부가 많이 건조할 때에는 2~3회 레이어링하여 흡수시켜주세요.', '화장품제조업자,화장품책임판매업자 및 맞춤형화장품판매업자 제조업자 : 옥시젠 디벨롭먼트(주)/화장품책임판매업자: (주)고운세상코스메틱', '제조국 대한민국', '화장품법에 따라 기재해야 하는 모든 성분 정제수, 프로판다이올, 부틸렌글라이콜, 글리세레스-26, 베타인, 글리세린, 1,2-헥산다이올, 다이페닐다이메티콘, 트라이에틸헥사노인, 카보머, 카프릴릴글라이콜, C12-13파레스-9, 하이드로제네이티드레시틴, 카프릴릭/카프릭트라이글리세라이드, 판테놀, 아이소말트, 에틸헥실글리세린, 다이소듐이디티에이, 트로메타민, 폴리글리세릴-10스테아레이트, 폴리글리세릴-10올리에이트, 소듐하이알루로네이트, 세라마이드엔피, 올리브오일불검화물, 밀배아오일불검화물, 알루미늄/마그네슘하이드록사이드스테아레이트, 돌콩오일불검화물, 콜레스테롤, 팔미틱애씨드, 소듐스테아로일글루타메이트, 7-데하이드로콜레스테롤, 꽃가루추출물, 영하구기자추출물, 레시틴, 칼슘클로라이드, 피톨', '기능성 화장품 식품의약품안전처 심사필 여부 해당사항 없음', '사용할 때의 주의사항 가. 공통사항', '1) 화장품 사용 시 또는 사용 후 직사광선에 의하여 사용부위가 붉은 반점,', '부어오름 또는 가려움증 등의 이상 증상이나 부작용이 있는 경우 전문의', '등과 상담할 것', '2) 상처가 있는 부위 등에는 사용을 자제할 것', '3) 보관 및 취급 시의 주의사항', '가) 어린이의 손이 닿지 않는 곳에 보관할 것', '나) 직사광선을 피해서 보관할 것', '품질보증기준 본 상품에 이상이 있을 경우 공정거래위원회 고시""소비자 분쟁 해결 기준""에 의해 보상해 드립니다.', '소비자상담 전화번호 ㈜고운세상코스메틱 1811-9415']",['./prdimgs/page_2_prd_6_thumb1.jpg'],30ml,36개월(개봉후 12개월 이내 사용 권장),"정제수, 프로판다이올, 부틸렌글라이콜, 글리세레스-26, 베타인, 글리세린, 1,2-헥산다이올, 다이페닐다이메티콘, 트라이에틸헥사노인, 카보머, 카프릴릴글라이콜, C12-13파레스-9, 하이드로제네이티드레시틴, 카프릴릭/카프릭트라이글리세라이드, 판테놀, 아이소말트, 에틸헥실글리세린, 다이소듐이디티에이, 트로메타민, 폴리글리세릴-10스테아레이트, 폴리글리세릴-10올리에이트, 소듐하이알루로네이트, 세라마이드엔피, 올리브오일불검화물, 밀배아오일불검화물, 알루미늄/마그네슘하이드록사이드스테아레이트, 돌콩오일불검화물, 콜레스테롤, 팔미틱애씨드, 소듐스테아로일글루타메이트, 7-데하이드로콜레스테롤, 꽃가루추출물, 영하구기자추출물, 레시틴, 칼슘클로라이드, 피톨"
히아루론산 토너 더블 기획,이즈앤트리,"40,000","['내용물의 용량 또는 중량 히아루론산 토너 400ml x 2ea', '제품 주요 사양 모든 피부 타입', '사용기한(또는 개봉 후 사용기간) 제조일로부터 30개월(개봉 후 12개월)', '사용방법 세안 후 적당량을 화장솜이나 손에 덜어 얼굴 전체에 가볍게 두드려 흡수시켜줍니다.', '화장품제조업자,화장품책임판매업자 및 맞춤형화장품판매업자 (주)에스겔코스메틱 / (주)이즈앤트리', '제조국 대한민국', '화장품법에 따라 기재해야 하는 모든 성분 정제수,프로판다이올,1,2-헥산다이올,소듐하이알루로네이트,트레할로오스,소듐피씨에이,글리세린,하이알루로닉애씨드,알로에베라잎추출물,접시꽃뿌리추출물,만주자작나무수액,쇠비름추출물,하이드롤라이즈드소듐하이알루로네이트,베타-글루칸,판테놀,펜틸렌글라이콜,카프릴릴글라이콜,부틸렌글라이콜', '기능성 화장품 식품의약품안전처 심사필 여부 해당사항 없음', '사용할 때의 주의사항 1) 화장품 사용 시 또는 사용 후 직사광선에 의하여 사용부위가 붉은 반점, 부어오름 또는 가려움증 등의 이상 증상이나 부작용이 있는 경우에는 전문의 등과 상담할 것 2) 상처가 있는 부위 등에는 사용을 자제할 것 3) 보관 및 취급 시 주의사항 가) 어린이의 손이 닿지 않는 곳에 보관할 것 나) 직사광선을 피해서 보관할 것', '품질보증기준 본 상품이 이상이 있을 경우 공정거래위원회 고시에 의거 보상해 드립니다', '소비자상담 전화번호 02-541-0555']","['./prdimgs/page_2_prd_7_thumb1.jpg', './prdimgs/page_2_prd_7_thumb2.jpg', './prdimgs/page_2_prd_7_thumb3.jpg', './prdimgs/page_2_prd_7_thumb4.jpg']",400ml,제조일로부터 30개월(개봉 후 12개월),"정제수,프로판다이올,1,2-헥산다이올,소듐하이알루로네이트,트레할로오스,소듐피씨에이,글리세린,하이알루로닉애씨드,알로에베라잎추출물,접시꽃뿌리추출물,만주자작나무수액,쇠비름추출물,하이드롤라이즈드소듐하이알루로네이트,베타-글루칸,판테놀,펜틸렌글라이콜,카프릴릴글라이콜,부틸렌글라이콜"
화이트 트러플 퍼스트 아로마틱 토너,달바,"29,000","['내용물의 용량 또는 중량 155ml', '제품 주요 사양 모든 피부용', '사용기한(또는 개봉 후 사용기간) 제조일로부터 30개월', '사용방법 세안 후 제품을 상하로 3~5회 흔들어 내용물이 충분히 섞이게 한 뒤, 적당량 덜어 얼굴 전체에 부드럽게 펴 발라 흡수시켜 줍니다.', '화장품제조업자,화장품책임판매업자 및 맞춤형화장품판매업자 (주)비앤비코리아/(주)비모뉴먼트', '제조국 대한민국', '화장품법에 따라 기재해야 하는 모든 성분 정제수, 다이프로필렌글라이콜, 네오펜틸글라이콜다이헵타노에이트, 글리세레스-26, 1,2-헥산다이올, 흰서양송로추출물(1,000ppm), 토코페롤, 하이드록시에틸우레아, 소듐클로라이드, 베타인, 아보카도오일, 다마스크장미꽃수, 부틸렌글라이콜, 솔비톨, 해바라기씨오일, 다이소듐이디티에이, 병풀추출물, 녹차추출물, 약모밀추출물, 쇠비름추출물, 아데노신, 올리브오일, 마카다미아씨오일, 동백나무씨오일, 달맞이꽃오일, 글루코노락톤, 글리세린, 돌콩오일, 비타민나무열매오일, 보검선인장줄기추출물, 밤껍질추출물, 감나무잎추출물, 아나토씨오일, 프로테아제, 파파인, 브로멜라인, 리파아제, 향료, 리날룰, 헥실신남알, 리모넨', '기능성 화장품 식품의약품안전처 심사필 여부 화장품법에 따른 기능성 화장품 심사(또는 보고)를 필함', '사용할 때의 주의사항 1) 화장품 사용 시 또는 사용 후 직사광선에 의하여 사용부위가 붉은 반점, 부어오름 또는 가려움증 등의 이상 증상이나 부작용이 있는 경우에는 전문의 등과 상담할 것', '2) 상처가 있는 부위 등에는 사용을 자제할 것', '3) 보관 및 취급 시 주의사항', '가) 어린이의 손이 닿지 않는 곳에 보관할 것', '나) 직사광선을 피해서 보관할 것', '품질보증기준 본 상품에 이상이 있을 경우 공정거래위원회 고시', '""소비자 분쟁 해결기준""에 의해 교환 또는 보상해드립니다.', '소비자상담 전화번호 소비자상담실 02-332-7727']","['./prdimgs/page_2_prd_8_thumb1.jpg', './prdimgs/page_2_prd_8_thumb2.jpg']",155ml,제조일로부터 30개월,"정제수, 다이프로필렌글라이콜, 네오펜틸글라이콜다이헵타노에이트, 글리세레스-26, 1,2-헥산다이올, 흰서양송로추출물(1,000ppm), 토코페롤, 하이드록시에틸우레아, 소듐클로라이드, 베타인, 아보카도오일, 다마스크장미꽃수, 부틸렌글라이콜, 솔비톨, 해바라기씨오일, 다이소듐이디티에이, 병풀추출물, 녹차추출물, 약모밀추출물, 쇠비름추출물, 아데노신, 올리브오일, 마카다미아씨오일, 동백나무씨오일, 달맞이꽃오일, 글루코노락톤, 글리세린, 돌콩오일, 비타민나무열매오일, 보검선인장줄기추출물, 밤껍질추출물, 감나무잎추출물, 아나토씨오일, 프로테아제, 파파인, 브로멜라인, 리파아제, 향료, 리날룰, 헥실신남알, 리모넨"
애프터 쉐이브,바버501,"18,900","['내용물의 용량 또는 중량 165ml', '제품 주요 사양 모든 피부용', '사용기한(또는 개봉 후 사용기간) 개봉전: 제조일로부터 36개월 / 개봉후: 개봉일로부터 12개월', '사용방법 ""', '세안 혹은 면도 후 적당량을 손바닥에 덜어 얼굴과 목에 부드럽게', '두드리듯 흡수시켜 줍니다.', '""', '화장품제조업자,화장품책임판매업자 및 맞춤형화장품판매업자 (주)원스킨화장품 / (주)에이전트코퍼레이션', '제조국 대한민국', '화장품법에 따라 기재해야 하는 모든 성분 에탄올, 정제수, 향료, 다이프로필렌글라이콜, 부틸렌글라이콜, 1,2-헥산다이올, 티트리꽃/잎/줄기추출물, 버지니아풍년화잎추출물, 병풀추출물, 녹차추출물, 판테놀, 멘틸락테이트, 알란토인, 글리세린, 티트리잎오일, 스피어민트잎오일, 카프릴릴글라이콜, 멘톨, 적색227호, 황색4호, 알파-아이소메틸아이오논, 벤질살리실레이트, 시트랄, 시트로넬올, 쿠마린, 헥실신남알, 리모넨, 리날룰', '기능성 화장품 식품의약품안전처 심사필 여부 해당사항 없음', '사용할 때의 주의사항 1) 화장품 사용 시 또는 사용 후 직사광선에 의하여 사용부위가 붉은 반점, 부어오름 또는 가려움증 등의 이상 증상이나 부작용이 있는 경우 전문의 등과 상담할 것. 2) 상처가 있는 부위 등에는 사용을 자제할 것. 3) 보관 및 취급 시의 주의사항 가) 어린이의 손이 닿지 않는 곳에 보관할 것 나) 직사광선을 피해서 보관할 것', '품질보증기준 본 제품에 이상이 있으실 경우 공정거래위원회에서 고시한 소비자 분쟁 해결 기준에 따라 교환 또는 환불 받으실 수 있습니다.', '소비자상담 전화번호 1661-0718']",['./prdimgs/page_2_prd_9_thumb1.jpg'],165ml,개봉전: 제조일로부터 36개월 / 개봉후: 개봉일로부터 12개월,"에탄올, 정제수, 향료, 다이프로필렌글라이콜, 부틸렌글라이콜, 1,2-헥산다이올, 티트리꽃/잎/줄기추출물, 버지니아풍년화잎추출물, 병풀추출물, 녹차추출물, 판테놀, 멘틸락테이트, 알란토인, 글리세린, 티트리잎오일, 스피어민트잎오일, 카프릴릴글라이콜, 멘톨, 적색227호, 황색4호, 알파-아이소메틸아이오논, 벤질살리실레이트, 시트랄, 시트로넬올, 쿠마린, 헥실신남알, 리모넨, 리날룰"
어성초 스킨 토너,헤이네이처,"25,000","['내용물의 용량 또는 중량 토너 150ml+토너패드 5매', '제품 주요 사양 모든 피부 타입', '사용기한(또는 개봉 후 사용기간) 제조일로부터 30개월', '사용방법 [토너] 세안 후 어성초 스킨을 1~2회 펌프하여 흡수시켜 줍니다.', '', '[토너패드] 세안 후 진정이 필요한 부분에 부착 후 10~15분 후에 떼어냅니다.', '화장품제조업자,화장품책임판매업자 및 맞춤형화장품판매업자 (주)다비드화장품 / (주)헤이네이처', '제조국 대한민국', '화장품법에 따라 기재해야 하는 모든 성분 [어성초스킨 전성분]', '정제수, 약모밀추출물(15%), 글리세린, 판테놀, 소듐레불리네이트, 소듐아니세이트, 병풀추출물, 녹차추출물, 황금추출물, 스페인감초뿌리추출물, 마트리카리아꽃추출물, 로즈마리잎추출물, 호장근뿌리추출물, 프로판다이올, 동충하초추출물, 병풀잎추출물, 편백잎추출물, 라벤더오일, 글리세릴카프릴레이트, 흰버드나무껍질추출물, 에틸헥실글리세린, 쇠비름추출물, 바실러스/소이빈발표추출물, 부틸렌글라이콜, 1,2-헥산다이올, 폴리글리세릴-10라우레이트, 폴리글리세릴-10미리스테이트', '', '[어성초 카밍 토너 패드 파우치 전성분]', '정제수, 약모밀추출물(15%), 글리세린, 판테놀, 소듐레불리네이트, 소듐아니세이트, 병풀추출물, 녹차추출물, 황금추출물, 스페인감초뿌리추출물, 마트리카리아꽃추출물, 로즈마리잎추출물, 호장근뿌리추출물, 프로판다이올, 동충하초추출물, 병풀잎추출물, 편백잎추출물, 라벤더오일, 글리세릴카프릴레이트, 흰버드나무껍질추출물, 에틸헥실글리세린, 쇠비름추출물, 바실러스/소이빈발효추출물, 부틸렌글라이콜, 1,2-헥산다이올, 폴리글리세릴-10라우레이트, 폴리글리세릴-10미리스테이트, 리날룰', '기능성 화장품 식품의약품안전처 심사필 여부 해당사항 없음', '사용할 때의 주의사항 가. 화장품 사용 시 또는 사용 후 직사광선에 의하여 사용부위가 붉은 반점, 부어오름 또는 가려움증 등의 이상 증상이나 부작용이 있는 경우에는 전문의 등과 상담할 것', '나. 상처가 있는 부위 등에는 사용을 자제할 것', '다. 보관 및 취급 시 주의사항', '1) 어린이의 손에 닿지 않는 곳에 보관할 것', '2) 직사광선을 피해서 보관할 것', '라. 눈 주위를 피하여 사용할 것', ""품질보증기준 본 상품에 이상이 있을 경우 공정거래위원회 고시 '소비자분쟁 해결기준'에 의해 보상해 드립니다."", '소비자상담 전화번호 070-4352-5176']","['./prdimgs/page_2_prd_10_thumb1.jpg', './prdimgs/page_2_prd_10_thumb2.jpg']",150ml+토너패드,제조일로부터 30개월,[어성초 카밍 토너 패드 파우치 전성분]
포 맨 자작나무 수분 토너,라운드랩,"24,000","['내용물의 용량 또는 중량 200ml', '제품 주요 사양 모든 피부용', '사용기한(또는 개봉 후 사용기간) 제조일로부터 30개월, 개봉 후 12개월', '사용방법 세안, 면도 후 스킨 케어 단계에서 적당량을 덜어 피부 위에 펴 바르고 가볍게 두드리듯 흡수시켜줍니다.', '화장품제조업자,화장품책임판매업자 및 맞춤형화장품판매업자 화장품제조업자: ㈜엔코스 | 화장품 책임판매업자: 서린컴퍼니㈜', '제조국 대한민국', '화장품법에 따라 기재해야 하는 모든 성분 정제수, 부틸렌글라이콜, 글리세린, 프로판다이올, 다이프로필렌글라이콜, 자작나무수액, 1,2-헥산다이올, 글리세릴글루코사이드, 다이포타슘글리시리제이트, 알란토인, 쇠비름추출물, 소듐하이알루로네이트, 하이알루로닉애씨드, 아스코빅애씨드, 감나무잎추출물, 포도추출물, 호장근뿌리추출물, 커피콩추출물, 잇꽃꽃추출물, 밤껍질추출물, 녹차추출물, 초피나무열매추출물, 글루코노락톤, 토코페롤, 베타인, 잔탄검, 글리세릴카프릴레이트, 덱스트린, 치자추출물, 에틸헥실글리세린, 다이소듐이디티에이', '기능성 화장품 식품의약품안전처 심사필 여부 해당사항 없음', '사용할 때의 주의사항 1)화장품 사용 시 또는 사용 후 직사광선에 의하여 사용 부위가 붉은 반점, 부어오름 또는 가려움증 등의 이상 증상이나 부작용이 있는 경우에는 전문의 등과 상담할 것 2)상처가 있는 부위 등에는 사용을 자제할 것 3)보관 및 취급 시 주의사항 가)어린이의 손이 닿지 않는 곳에 보관 할 것 나)직사광선을 피해서 보관할 것', '품질보증기준 본 상품에 이상이 있을 경우, 공정거래위원회 고시 소비자분쟁해결기준에 의해 보상해드립니다.', '소비자상담 전화번호 070-7717-0675']",['./prdimgs/page_2_prd_11_thumb1.jpg'],200ml,"제조일로부터 30개월, 개봉 후 12개월","정제수, 부틸렌글라이콜, 글리세린, 프로판다이올, 다이프로필렌글라이콜, 자작나무수액, 1,2-헥산다이올, 글리세릴글루코사이드, 다이포타슘글리시리제이트, 알란토인, 쇠비름추출물, 소듐하이알루로네이트, 하이알루로닉애씨드, 아스코빅애씨드, 감나무잎추출물, 포도추출물, 호장근뿌리추출물, 커피콩추출물, 잇꽃꽃추출물, 밤껍질추출물, 녹차추출물, 초피나무열매추출물, 글루코노락톤, 토코페롤, 베타인, 잔탄검, 글리세릴카프릴레이트, 덱스트린, 치자추출물, 에틸헥실글리세린, 다이소듐이디티에이"
시카플라스트 B5 스프레이,라로슈포제,"24,000","['내용물의 용량 또는 중량 100ml', '제품 주요 사양 민감성 및 모든 피부에 사용 적합', '사용기한(또는 개봉 후 사용기간) 18개월 이상 남아있는 제품부터 순차적으로 발송 / 개봉 후 6개월', '사용방법 진정&수분 관리가 필요한 부위에 수시로 뿌려줍니다.', '화장품제조업자,화장품책임판매업자 및 맞춤형화장품판매업자 프랑스 라로슈포제사 / 엘오케이 유한회사', '제조국 프랑스', '화장품법에 따라 기재해야 하는 모든 성분 정제수 글리세린 프로판다이올 판테놀 펜틸렌글라이콜 소듐시트레이트 만노오스 마데카소사이드 망가니즈글루코네이트 소듐클로라이드 코코-베타인 카퍼글루코네이트 카프릴릴글라이콜 시트릭애씨드 트라이소듐에틸렌다이아민다이석시네이트', '기능성 화장품 식품의약품안전처 심사필 여부 해당사항 없음', '사용할 때의 주의사항 *더 자세한 내용은 각 제품 포장에 기재된 주의사항 참고*', '1. 화장품 사용 시 또는 사용 후 직사광선에 의하여 사용부위가 붉은 반점, 부어오름 또는 가려움증 등의 이상 증상이나 부작용이 있는 경우 전문의 등과 상담할 것', '2. 상처가 있는 부위 등에는 사용을 자제할 것', '3. 보관 및 취급 시의 주의사항', '1) 어린이의 손이 닿지 않는 곳에 보관할 것', '2) 직사광선을 피해서 보관할 것', ""품질보증기준 본 제품에 이상이 있을 경우, 공정거래위원회 고시 품목별 '소비자 분쟁 해결 기준' 에 의해 보상해드립니다."", '소비자상담 전화번호 080-344-0088']","['./prdimgs/page_2_prd_12_thumb1.jpg', './prdimgs/page_2_prd_12_thumb2.jpg']",100ml,18개월 이상 남아있는 제품부터 순차적으로 발송 / 개봉 후 6개월,정제수 글리세린 프로판다이올 판테놀 펜틸렌글라이콜 소듐시트레이트 만노오스 마데카소사이드 망가니즈글루코네이트 소듐클로라이드 코코-베타인 카퍼글루코네이트 카프릴릴글라이콜 시트릭애씨드 트라이소듐에틸렌다이아민다이석시네이트
어성초 77 토너,아누아,"30,500","['내용물의 용량 또는 중량 350ml', '제품 주요 사양 모든 피부용', '사용기한(또는 개봉 후 사용기간) 제조일자로 부터 30개월 / 개봉 후 12개월', '사용방법 세안 후에 적당량을 덜어 피부에 두드려 흡수시켜 줍니다.', '화장품제조업자,화장품책임판매업자 및 맞춤형화장품판매업자 메가코스㈜ / ㈜더파운더즈', '제조국 대한민국', '화장품법에 따라 기재해야 하는 모든 성분 약모밀추출물, 정제수, 1,2-헥산다이올, 글리세린, 베타인, 병풀추출물, 체이스트트리추출물, 우엉뿌리추출물, 진흙버섯추출물, 쇠비름추출물, 포도추출물, 사과추출물, 사탕수수추출물, 판테놀, 마트리카리아꽃추출물, 소듐하이알루로네이트, 하이드록시프로필트라이모늄하이알루로네이트, 하이드롤라이즈드하이알루로닉애씨드, 소듐아세틸레이티드하이알루로네이트, 하이알루로닉애씨드, 소듐하이알루로네이트크로스폴리머, 포타슘하이알루로네이트, 메틸프로판다이올, 부틸렌글라이콜, 아이소펜틸다이올, 아크릴레이트/C10-30알킬아크릴레이트크로스폴리머, 트로메타민, 다이소듐이디티에이', '기능성 화장품 식품의약품안전처 심사필 여부 해당사항 없음', '사용할 때의 주의사항 1. 화장품 사용 시 또는 사용 후 직사광선에 의하여 사용 부위가 붉은 반점, 부어오름 또는 가려움증 등의 이상 증상이나 부작용이 있는 경우 전문의 등과 상담할 것.', '2. 상처가 있는 부위 등에는 사용을 자제할 것.', '3. 보관 및 취급 시의 주의사항', '가) 어린이의 손에 닿지 않는 곳에 보관할 것.', '나) 직사광선을 피해서 보관할 것.', '품질보증기준 본 상품에 이상이 있을 경우, 공정거래위원회 고시 [소비자 분쟁 해결 기준]에 의해 보상해드립니다.', '소비자상담 전화번호 1688-9407']",['./prdimgs/page_2_prd_13_thumb1.jpg'],350ml,제조일자로 부터 30개월 / 개봉 후 12개월,"약모밀추출물, 정제수, 1,2-헥산다이올, 글리세린, 베타인, 병풀추출물, 체이스트트리추출물, 우엉뿌리추출물, 진흙버섯추출물, 쇠비름추출물, 포도추출물, 사과추출물, 사탕수수추출물, 판테놀, 마트리카리아꽃추출물, 소듐하이알루로네이트, 하이드록시프로필트라이모늄하이알루로네이트, 하이드롤라이즈드하이알루로닉애씨드, 소듐아세틸레이티드하이알루로네이트, 하이알루로닉애씨드, 소듐하이알루로네이트크로스폴리머, 포타슘하이알루로네이트, 메틸프로판다이올, 부틸렌글라이콜, 아이소펜틸다이올, 아크릴레이트/C10-30알킬아크릴레이트크로스폴리머, 트로메타민, 다이소듐이디티에이"
레드수딩 시카 밸런스 토너,피지오겔,"28,000","['내용물의 용량 또는 중량 200ml+50ml', '제품 주요 사양 모든피부용', '사용기한(또는 개봉 후 사용기간) 제조일로부터 36개월', '사용방법 세안 후, 적당량을 화장솜에 덜어 얼굴 전체에 부드럽게 닦듯이 펴 발라 줍니다.', '화장품제조업자,화장품책임판매업자 및 맞춤형화장품판매업자 (주)엘지생활건강', '제조국 대한민국', '화장품법에 따라 기재해야 하는 모든 성분 정제수, 부틸렌글라이콜, 1,2-헥산다이올, 프로판다이올, 글리세린, 나이아신아마이드, 판테놀, 알란토인, 카보머, 트로메타민, 마데카소사이드(250 ppm), 트라이소듐이디티에이, 사코신, 하이드록시에틸셀룰로오스, 아세타마이드엠이에이, 베타-글루칸, 팔미타마이드엠이에이, 스쿠알란, 아시아티코사이드(0.40 ppm), 마데카식애씨드(0.35 ppm), 아시아틱애씨드(0.25 ppm), 카프릴릭/카프릭트라이글리세라이드, 세라마이드엔피, 하이드로제네이티드레시틴', '기능성 화장품 식품의약품안전처 심사필 여부 해당사항 없음', '사용할 때의 주의사항 1) 화장품 사용 시 또는 사용 후 직사광선에 의하여 사용부위가 붉은 반점, 부어오름 또는 가려움증 등의 이상 증상이나 부작용이 있는 경우 전문의등과 상담할 것', '2) 상처가 있는 부위 등에는 사용을 자제할 것.', '3) 보관 및 취급 시의 주의사항', '가) 어린이의 손이 닿지 않는 곳에 보관할 것', '나) 직사광선을 피해서 보관할 것', '품질보증기준 제품에 이상이 있을 경우 공정거래위원회고시 소비자분쟁해결기준에 의거 교환 또는 환불 받을 수 있음.', '소비자상담 전화번호 080-023-7007 (수신자 부담)']","['./prdimgs/page_2_prd_14_thumb1.jpg', './prdimgs/page_2_prd_14_thumb2.jpg', './prdimgs/page_2_prd_14_thumb3.jpg']",200ml+50ml,제조일로부터 36개월,"정제수, 부틸렌글라이콜, 1,2-헥산다이올, 프로판다이올, 글리세린, 나이아신아마이드, 판테놀, 알란토인, 카보머, 트로메타민, 마데카소사이드(250 ppm), 트라이소듐이디티에이, 사코신, 하이드록시에틸셀룰로오스, 아세타마이드엠이에이, 베타-글루칸, 팔미타마이드엠이에이, 스쿠알란, 아시아티코사이드(0.40 ppm), 마데카식애씨드(0.35 ppm), 아시아틱애씨드(0.25 ppm), 카프릴릭/카프릭트라이글리세라이드, 세라마이드엔피, 하이드로제네이티드레시틴"
베리어 사이클 락토P,피캄,"23,000","['내용물의 용량 또는 중량 200ml', '제품 주요 사양 모든 피부', '사용기한(또는 개봉 후 사용기간) 제조일로부터 36개월, 개봉 후 12개월 이내 사용 권장', '사용방법 본 품 적당량을 취해 피부에 골고루 펴 바른다.', '화장품제조업자,화장품책임판매업자 및 맞춤형화장품판매업자 그린코스㈜ / ㈜라이프위드코퍼레이션', '제조국 대한민국', '화장품법에 따라 기재해야 하는 모든 성분 정제수, 부틸렌글라이콜, 프로판다이올, 1,2-헥산다이올, 나이아신 아마이드, 판테놀, 에틸헥실글리세린, 알란토인, 아데노신, 잔탄검, 다이소듐이디티에이, 폴리쿼터늄-51, 월계수잎추출물, 질경이추출물, 소듐하이알루로네이트, 버지니아풍년화수, 곤약뿌리추출물, 소듐구아 이아줄렌설포네이트, 파파야열매추출물, 락토바실러스발효물, 밤부사 불가리스추출물, 편백잎추출물, 소나무잎추출물, 측백나무추출물, 시팀 우드검추출물, 병풀추출물, 티트리잎추출물, 쌀겨추출물, 아시아틱 애씨드, 아시아티코사이드, 마데카식애씨드, 마데카소사이드', '기능성 화장품 식품의약품안전처 심사필 여부 화장품법에 따른 기능성 화장품 심사(또는 보고)를 필함', '사용할 때의 주의사항 1. 화장품 사용 시 또는 사용 후 직사광선에 의하여 사용부위가 붉은 반점, 부어오름 또는 가려움증 등의 이상 증상이나 부작용이 있는 경우에는 전문의 등과 상담할 것', '2. 상처가 있는 부위 등에는 사용을 자제할 것', '3. 보관 및 취급 시 주의사항 가) 어린 이의 손이 닿지 않는 곳에 보관할 것 나) 직사광선을 피해서 보관할 것', '품질보증기준 본 제품에 이상이 있을 경우 공정거래 위원회 고시 ‘소비자분쟁해결기준’ 에 의해 교환 또는 보상해 드립니다.', '소비자상담 전화번호 070-8865-1306']","['./prdimgs/page_2_prd_15_thumb1.jpg', './prdimgs/page_2_prd_15_thumb2.jpg', './prdimgs/page_2_prd_15_thumb3.jpg', './prdimgs/page_2_prd_15_thumb4.jpg']",200ml,"제조일로부터 36개월, 개봉 후 12개월 이내 사용 권장","정제수, 부틸렌글라이콜, 프로판다이올, 1,2-헥산다이올, 나이아신 아마이드, 판테놀, 에틸헥실글리세린, 알란토인, 아데노신, 잔탄검, 다이소듐이디티에이, 폴리쿼터늄-51, 월계수잎추출물, 질경이추출물, 소듐하이알루로네이트, 버지니아풍년화수, 곤약뿌리추출물, 소듐구아 이아줄렌설포네이트, 파파야열매추출물, 락토바실러스발효물, 밤부사 불가리스추출물, 편백잎추출물, 소나무잎추출물, 측백나무추출물, 시팀 우드검추출물, 병풀추출물, 티트리잎추출물, 쌀겨추출물, 아시아틱 애씨드, 아시아티코사이드, 마데카식애씨드, 마데카소사이드"
허브솔루션 위치하젤 토너,AHC,"15,000","['내용물의 용량 또는 중량 500ml', '제품 주요 사양 모든 피부용', '사용기한(또는 개봉 후 사용기간) 개봉 전 3년 이내 / 개봉 후 1년 이내', '사용방법 세안 후 적당량을 화장솜에 덜어 피부결을 따라 얼굴 안쪽부터 바깥쪽으로 고루 펴 바릅니다.', '화장품제조업자,화장품책임판매업자 및 맞춤형화장품판매업자 화장품제조업자: 코스맥스(주) / 화장품책임판매업자: (주)카버코리아', '제조국 대한민국', ""화장품법에 따라 기재해야 하는 모든 성분 '정제수, 버지니아풍년화수(49,750mg), 글리세린, 다이프로필렌글라이콜, 에탄올, 펜틸렌글라이콜, 사과수, 밤부사 불가리스수, 소듐하이알루로네이트, 은행나무잎추출물 (0.005mg), 애플민트잎추출물(0.005mg), 부틸렌글라이콜, 프로판다이올, 피이지-60하이드로제네이티드캐스터오일, 옥틸도데세스-16, 트로메타민, 카프릴릴글라이콜, 1,2-헥산다이올, 글리세릴카프릴레이트, 폴리글루타믹애씨드, 에틸헥실글리세린, 카보머, 다이소듐이디티에이 ,페녹시에탄올, 향료"", '기능성 화장품 식품의약품안전처 심사필 여부 해당사항 없음', '사용할 때의 주의사항 1. 화장품 사용 시 또는 사용 후 직사광선에 의하여 사용부위가 붉은 반점, 부어오름 또는 가려움증 등의 이상 증상이나 부작용이 있는 경우 전문의 등과 상담할 것', '', '2. 상처가 있는 부위 등에는 사용을 자제할 것', '', '3. 보관 및 취급 시의 주의사항', '가. 어린이의 손이 닿지 않는 곳에 보관할 것', '나. 직사광선을 피해서 보관할 것', '품질보증기준 본 상품에 이상이 있을 경우 공정거래위원회 고시 ‘소비자 분쟁해결기준’에 의하여 보상해 드립니다.', '소비자상담 전화번호 AHC 소비자 상담실 080-332-0855']",['./prdimgs/page_2_prd_16_thumb1.jpg'],500ml,개봉 전 3년 이내 / 개봉 후 1년 이내,
노스카나인 트러블 클리어 토너,파티온,"23,000","['내용물의 용량 또는 중량 200ml / 6.76 fl. oz.', '제품 주요 사양 민감성피부, 여드름성 피부를 포함한 모든 피부 타입', '사용기한(또는 개봉 후 사용기간) 제조일로부터 36개월, 개봉 후 12개월 (2023년 1월 27일 이후 제조된 상품만을 취급)', '사용방법 세안 후 본 내용물을 화장솜에 충분히 적시어 피부 결을 따라 닦아내거나, 손바닥에 덜어 가볍게 두드리며 피부에 흡수 시켜줍니다.', '화장품제조업자,화장품책임판매업자 및 맞춤형화장품판매업자 코스맥스㈜ / 동아제약㈜', '제조국 대한민국', '화장품법에 따라 기재해야 하는 모든 성분 정제수, 2,3-부탄다이올, 에톡시다이글라이콜, 글루코노락톤, 1,2-헥산다이올, 글리세린, 메틸프로판다이올, 글리세레스-26, 트로메타민, 카프릴릴글라이콜, 클로렐라 불가리스추출물, 글루코오스, 판테놀, 부틸렌글라이콜, 프룩토올리고사카라이드, 프룩토오스, 옥틸도데세스-16, 트라이소듐에틸렌다이아민다이석시네이트, 에틸헥실글리세린, 소듐파이테이트, 다이프로필렌글라이콜, 알란토인, 하이드록시아세토페논, 폴리글리세릴-10라우레이트, 소듐헤파린, 백미꽃추출물, 접시꽃추출물, 카프릴로일살리실릭애씨드, 쑥잎추출물, 토코페롤, 4-터피네올, 펜틸렌글라이콜, 카프릴릴/카프릴글루코사이드, 하이드로제네이티드레시틴, 세라마이드엔피', '기능성 화장품 식품의약품안전처 심사필 여부 해당사항 없음', '사용할 때의 주의사항 가. 화장품 사용 시 또는 사용 후 직사광선에 의하여 사용부위가 붉은 반점, 부어오름 또는 가려움증 등의 이상 증상이나 부작용이 있는 경우에는 전문의 등과 상담할 것', '나. 상처가 있는 부위 등에는 사용을 자제할 것 다. 보관 및 취급 시 주의사항 1) 어린이의 손이 닿지 않는 곳에 보관할 것 2) 직사광선을 피해서 보관할 것', ""품질보증기준 본 상품에 이상이 있을 경우, 공정거래위원회 고시 '소비자 분쟁해결 기준'에 의해 보상해 드립니다."", '소비자상담 전화번호 080-920-3003']","['./prdimgs/page_2_prd_17_thumb1.jpg', './prdimgs/page_2_prd_17_thumb2.jpg', './prdimgs/page_2_prd_17_thumb3.jpg']",200ml,"제조일로부터 36개월, 개봉 후 12개월 (2023년 1월 27일 이후 제조된 상품만을 취급)","정제수, 2,3-부탄다이올, 에톡시다이글라이콜, 글루코노락톤, 1,2-헥산다이올, 글리세린, 메틸프로판다이올, 글리세레스-26, 트로메타민, 카프릴릴글라이콜, 클로렐라 불가리스추출물, 글루코오스, 판테놀, 부틸렌글라이콜, 프룩토올리고사카라이드, 프룩토오스, 옥틸도데세스-16, 트라이소듐에틸렌다이아민다이석시네이트, 에틸헥실글리세린, 소듐파이테이트, 다이프로필렌글라이콜, 알란토인, 하이드록시아세토페논, 폴리글리세릴-10라우레이트, 소듐헤파린, 백미꽃추출물, 접시꽃추출물, 카프릴로일살리실릭애씨드, 쑥잎추출물, 토코페롤, 4-터피네올, 펜틸렌글라이콜, 카프릴릴/카프릴글루코사이드, 하이드로제네이티드레시틴, 세라마이드엔피"
[1+1][구름토너] 마몽드 블루 아줄렌 클라우드 토너 150ml 기획 (+150ml 리필 추가 증정),마몽드,"36,000","['내용물의 용량 또는 중량 150ml (+150ml 증정)', '제품 주요 사양 모든피부', '사용기한(또는 개봉 후 사용기간) 제조일로부터 36개월, 개봉 후 12개월 이내 사용', '사용방법 내용물을 적당량 펌핑하여 얼굴 전체에 부드럽게 롤링하여 흡수시켜 줍니다.', '화장품제조업자,화장품책임판매업자 및 맞춤형화장품판매업자 아이큐어(주)/㈜아모레퍼시픽', '제조국 대한민국', '화장품법에 따라 기재해야 하는 모든 성분 마트리카리아꽃추출물(90.6%), 부틸렌글라이콜, 1,2-헥산다이올, 폴리글리세릴-10라우레이트, 소듐하이알루로네이트, 에틸헥실글리세린, 마데카소사이드, 구아이아줄렌(100ppm), 정제수', '기능성 화장품 식품의약품안전처 심사필 여부 해당사항 없음', '사용할 때의 주의사항 1. 화장품 사용 시 또는 사용 후 직사광선에 의하여 사용부위가 붉은 반점, 부어오름 또는 가려움증 등의 이상 증상이나 부작용이 있는 경우 전문의 등과 상담할 것 2. 상처가 있는 부위 등에는 사용을 자제할 것3. 보관 및 취급 시의 주의사항 가) 어린이의 손이 닿지 않는 곳에 보관할 것 나) 직사광선을 피해서 보관할 것. *아줄렌 원료 특성상 푸른색 내용물 색이 온도와 빛에 반응해 달라질 수 있습니다. 제품의 효과와 품질에는 이상이 없으므로 편안하게 사용하셔도 됩니다.', '품질보증기준 본 제품에 이상이 있을 경우, 공정거래위원회 고시에 의거 보상해드립니다.', '소비자상담 전화번호 080-030-5454(수신자 요금부담) 운영시간 : 09:00 ~ 18:00 (점심시간 제외, 12~13시) (주말, 공휴일 제외)']","['./prdimgs/page_2_prd_18_thumb1.jpg', './prdimgs/page_2_prd_18_thumb2.jpg', './prdimgs/page_2_prd_18_thumb3.jpg', './prdimgs/page_2_prd_18_thumb4.jpg', './prdimgs/page_2_prd_18_thumb5.jpg', './prdimgs/page_2_prd_18_thumb6.jpg', './prdimgs/page_2_prd_18_thumb7.jpg', './prdimgs/page_2_prd_18_thumb8.jpg', './prdimgs/page_2_prd_18_thumb9.jpg']",(+150ml,"제조일로부터 36개월, 개봉 후 12개월 이내 사용","마트리카리아꽃추출물(90.6%), 부틸렌글라이콜, 1,2-헥산다이올, 폴리글리세릴-10라우레이트, 소듐하이알루로네이트, 에틸헥실글리세린, 마데카소사이드, 구아이아줄렌(100ppm), 정제수"
미나리 토너,스킨푸드,"24,000","['내용물의 용량 또는 중량 300ml', '제품 주요 사양 민감성 복합성 지성', '사용기한(또는 개봉 후 사용기간) 사용기한: 제조일로부터 36개월', '사용방법 세안 후 화장솜 혹은 손바닥에 적당량을 덜어 피부결을 따라 발라줍니다.', '화장품제조업자,화장품책임판매업자 및 맞춤형화장품판매업자 화장품제조업자 : ㈜아이피어리스 /화장품책임판매업자: (주)스킨푸드', '제조국 대한민국', '화장품법에 따라 기재해야 하는 모든 성분 정제수, 미나리추출물, 메틸프로판다이올, 1,2-헥산다이올, 소듐시트레이트, 베타인, 피피지-13-데실테트라데세스-24, 살리실릭애씨드, 에틸헥실글리세린, 시트릭애씨드, 프로판다이올, 자일리틸글루코사이드, 안하이드로자일리톨, 알란토인, 판테놀, 병풀추출물, 글리세린, 살비아잎추출물, 마트리카리아추출물, 다이페닐다이메티콘, 자일리톨, 트라이에틸헥사노인, 소듐파이테이트, 글루코오스, 다이포타슘글리시리제이트, 포스포리피드, 폴리글리세릴-10올리에이트, 하이드로제네이티드레시틴, 도금양열매추출물, 유칼립투스잎오일, 류코노스톡/무발효여과물, 베르가모트오일, 해바라기씨오일, 판토테닉애씨드, 살비아오일, 클레리오일', '기능성 화장품 식품의약품안전처 심사필 여부 해당사항 없음', '사용할 때의 주의사항 가. 화장품 사용 시 또는 사용 후 직사광선에 의하여 사용부위가 붉은 반점, 부어오름 또는 가려움증 등의 이상 증상이나 부작용이 있는 경우에는 전문의 등과 상담할 것', '나. 상처가 있는 부위 등에는 사용을 자제할 것', '다. 보관 및 취급 시 주의사항', '1) 어린이의 손이 닿지 않는 곳에 보관할 것', '2) 직사광선을 피해서 보관할 것', '품질보증기준 본 상품에 이상이 있을 경우, 공정거래위원회 고시 “소비자분쟁해결기준”에 의해 보상해 드립니다.', '소비자상담 전화번호 080-012-7878']",['./prdimgs/page_2_prd_19_thumb1.jpg'],300ml,사용기한: 제조일로부터 36개월,"정제수, 미나리추출물, 메틸프로판다이올, 1,2-헥산다이올, 소듐시트레이트, 베타인, 피피지-13-데실테트라데세스-24, 살리실릭애씨드, 에틸헥실글리세린, 시트릭애씨드, 프로판다이올, 자일리틸글루코사이드, 안하이드로자일리톨, 알란토인, 판테놀, 병풀추출물, 글리세린, 살비아잎추출물, 마트리카리아추출물, 다이페닐다이메티콘, 자일리톨, 트라이에틸헥사노인, 소듐파이테이트, 글루코오스, 다이포타슘글리시리제이트, 포스포리피드, 폴리글리세릴-10올리에이트, 하이드로제네이티드레시틴, 도금양열매추출물, 유칼립투스잎오일, 류코노스톡/무발효여과물, 베르가모트오일, 해바라기씨오일, 판토테닉애씨드, 살비아오일, 클레리오일"
비타씨플러스 안색토너,미샤,"23,000","['내용물의 용량 또는 중량 200ml', '제품 주요 사양 모든 피부용', '사용기한(또는 개봉 후 사용기간) 제조일로부터36개월(개봉후12개월)', '사용방법 스킨케어 첫 단계에서 화장솜에 내용물을 충분히 취해 피부결을 따라 부드럽게 닦아낸 후, 남은 내용물을 톡톡 두드려 흡수시켜 줍니다.', '화장품제조업자,화장품책임판매업자 및 맞춤형화장품판매업자 코스맥스(주)/(주)에이블씨엔씨', '제조국 대한민국', '화장품법에 따라 기재해야 하는 모든 성분 정제수*,감초뿌리추출물,글리세린,부틸렌글라이콜,나이아신아마이드*,펜틸렌글라이콜*,비타민나무수(9,794ppm)*,비피다발효용해물,클로렐라 불가리스추출물, 울금뿌리추출물,락토바실러스발효물,인도멀구슬나무꽃추출물,인도멀구슬나무잎추출물,소듐하이알루로네이트,돌콩추출물,홀리바질잎추출물,참산호말추출물,라벤더오일,유칼립투스잎오일,하이드롤라이즈드콜라겐*,오렌지껍질오일,왕귤껍질오일,하이알루로닉애씨드,하이드롤라이즈드하이알루로닉애씨드,라우다이모늄하이드록시프로필하이드롤라이즈드밀단백질*,베타인,트레할로오스,1,2-헥산다이올*,판테놀,C12-14파레스-12, 트라넥사믹애씨드*,에칠아스코빌에텔(1,000,000ppb)*,글루코오스,프룩토올리고사카라이드,프룩토오스,에틸헥실글리세린*,아데노신,트로메타민,알란토인,아스코빅애씨드(100,000ppb)*,옥탄다이올,락토바이오닉애씨드,글리세릴글루코사이드,카프릴릭/카프릭트라이글리세라이드,피브이피,사이아노코발아민,하이드로제네이티드레시틴*,토코페롤,세라마이드엔피*,팔미토일트라이펩타이드-5,카프릴릴글라이콜,아세틸헥사펩타이드-8, 풀러린,알부틴*,다이프로필렌글라이콜*,피토스테롤*,아스코빌글루코사이드(0.00001ppb)*,카보머,다이소듐이디티에이,리모넨', '기능성 화장품 식품의약품안전처 심사필 여부 화장품법에 따른 기능성 화장품 심사(또는 보고)를 필함', '사용할 때의 주의사항 1) 화장품 사용 시 또는 사용 후 직사광선에 의하여 사용부위가 붉은 반점, 부어오름 또는 가려움증 등의 이상 증상이나 부작용이 있는 경우에는 전문의 등과 상담할 것', '2) 상처가 있는 부위 등에는 사용을 자제할 것', '3) 보관 및 취급 시 주의사항', '가) 어린이의 손이 닿지 않는 곳에 보관할 것', '나) 직사광선을 피해서 보관할 것', ""품질보증기준 본 제품에 이상이 있을 경우 공정거래위원회 고시 '소비자분쟁해결기준'에 의하여 보상해 드립니다."", '소비자상담 전화번호 고객상담실 080-080-4936']","['./prdimgs/page_2_prd_20_thumb1.jpg', './prdimgs/page_2_prd_20_thumb2.jpg']",200ml,제조일로부터36개월(개봉후12개월),"정제수*,감초뿌리추출물,글리세린,부틸렌글라이콜,나이아신아마이드*,펜틸렌글라이콜*,비타민나무수(9,794ppm)*,비피다발효용해물,클로렐라 불가리스추출물, 울금뿌리추출물,락토바실러스발효물,인도멀구슬나무꽃추출물,인도멀구슬나무잎추출물,소듐하이알루로네이트,돌콩추출물,홀리바질잎추출물,참산호말추출물,라벤더오일,유칼립투스잎오일,하이드롤라이즈드콜라겐*,오렌지껍질오일,왕귤껍질오일,하이알루로닉애씨드,하이드롤라이즈드하이알루로닉애씨드,라우다이모늄하이드록시프로필하이드롤라이즈드밀단백질*,베타인,트레할로오스,1,2-헥산다이올*,판테놀,C12-14파레스-12, 트라넥사믹애씨드*,에칠아스코빌에텔(1,000,000ppb)*,글루코오스,프룩토올리고사카라이드,프룩토오스,에틸헥실글리세린*,아데노신,트로메타민,알란토인,아스코빅애씨드(100,000ppb)*,옥탄다이올,락토바이오닉애씨드,글리세릴글루코사이드,카프릴릭/카프릭트라이글리세라이드,피브이피,사이아노코발아민,하이드로제네이티드레시틴*,토코페롤,세라마이드엔피*,팔미토일트라이펩타이드-5,카프릴릴글라이콜,아세틸헥사펩타이드-8, 풀러린,알부틴*,다이프로필렌글라이콜*,피토스테롤*,아스코빌글루코사이드(0.00001ppb)*,카보머,다이소듐이디티에이,리모넨"
저분자 히알루론산 딥 토너,더랩바이블랑두,"23,000","['내용물의 용량 또는 중량 200 ml + 50 ml', '제품 주요 사양 모든 피부용', '사용기한(또는 개봉 후 사용기간) 개봉 후 1년/ 제조일로부터 3년', '사용방법 적당량을 손에 덜어 피부결을 따라 발라주고 손 끝으로 가볍게 두드려 흡수시켜 줍니다. TIP : 화장솜에 듬뿍 묻혀 건조한 피부에 올려두고 속보습 집중 케어로 활용할 수 있습니다.', '화장품제조업자,화장품책임판매업자 및 맞춤형화장품판매업자 코스맥스㈜/ ㈜에런케이', '제조국 대한민국', '화장품법에 따라 기재해야 하는 모든 성분 정제수, 부틸렌글라이콜, 1,2-헥산다이올, 글리세린, 베타-글루칸, 베타인, 소듐하이알루로네이트(2,700 ppm), 판테놀, 솔비톨, 아세틸글루코사민, 글루쿠로닉애씨드, 알란토인, 토코페롤, 에틸헥실글리세린, 다이소듐이디티에이', '기능성 화장품 식품의약품안전처 심사필 여부 해당사항 없음', '사용할 때의 주의사항 1. 화장품 사용 시 또는 사용 후 직사광선에 의하여 사용부위가 붉은 반점, 부어오름 또는 가려움증 등의 이상 증상이나 부작용이 있는 경우에는 전문의 등과 상담할 것', '2. 상처가 있는 부위 등에는 사용을 자제할 것', '3. 보관 및 취급 시 주의사항', '가) 어린이의 손이 닿지 않는 곳에 보관할 것', '나) 직사광선을 피해서 보관할 것', ""품질보증기준 본 제품에 이상이 있을 경우, 공정거래위원회 고시 '소비자분쟁해결기준'에 의하여 보상해 드립니다."", '', '소비자상담 전화번호 02-544-5996']","['./prdimgs/page_2_prd_21_thumb1.jpg', './prdimgs/page_2_prd_21_thumb2.jpg', './prdimgs/page_2_prd_21_thumb3.jpg', './prdimgs/page_2_prd_21_thumb4.jpg', './prdimgs/page_2_prd_21_thumb5.jpg']",ml,개봉 후 1년/ 제조일로부터 3년,"정제수, 부틸렌글라이콜, 1,2-헥산다이올, 글리세린, 베타-글루칸, 베타인, 소듐하이알루로네이트(2,700 ppm), 판테놀, 솔비톨, 아세틸글루코사민, 글루쿠로닉애씨드, 알란토인, 토코페롤, 에틸헥실글리세린, 다이소듐이디티에이"
순정 약산성 5.5 진정 토너,에뛰드,"27,000","['내용물의 용량 또는 중량 용량 350ml+리필 350ml / 중량 882g', '제품 주요 사양 모든 피부 타입', '사용기한(또는 개봉 후 사용기간) 개봉전 36개월 / 개봉후 12개월', '사용방법 세안 후, 손바닥에 내용물을 덜어 펴 바른 후 가볍게 두드려 흡수시켜 주세요. 쉽게 자극받는 피부라면 냉장고에 넣어 차갑게 사용하거나, 화장솜 또는 건시트에 적셔 시트 팩을 하듯 사용해 주세요.', '화장품제조업자,화장품책임판매업자 및 맞춤형화장품판매업자 제조업자: (주)코스비전 / 책임판매업자: 에뛰드', '제조국 대한민국', '화장품법에 따라 기재해야 하는 모든 성분 정제수', '프로판디올', '글리세린', '베타인', '판테놀', '1,2-헥산디올', '폴리글리세린-3', '에칠헥실글리세린', '디소듐이디티에이', '카보머', '마데카소사이드', '부틸렌글라이콜', '황금추출물', '토코페롤', '녹차추출물', '기능성 화장품 식품의약품안전처 심사필 여부 해당사항 없음', '사용할 때의 주의사항 1. 화장품 사용 시 또는 사용 후 직사광선에 의하여 사용부위가 붉은반점, 부어', '오름 또는 가려움증 등의 이상 증상이나 부작용이 있는 경우에는 전문의 등과 상담할 것 2. 상처가 있는', '부위 등에는 사용을 자제할 것는 3. 보관 및 취급 시 주의사항 가) 어린이의 손이 닿지 않는 곳에 보관할 것', '나) 직사광선을 피해서 보관할 것', '※인공적인 향을 첨가하지 않아 고온 또는 저온의 장소 및 직사광선이 닿는 곳에서 오래 보관하게 될 시에 내용물 특유의 냄새가 느껴질 수 있으나, 이는 제품의 이상이 아닙니다.', '품질보증기준 본 제품에 이상이 있을 경우 공정거래위원회 고시 소비자분쟁해결기준에 의거 보상해드립니다.', '소비자상담 전화번호 080-022-2285(수신자 요금부담) 운영시간 09:00~18:00(점심시간제외 12:00~13:00)(주말,공휴일제외)']",['./prdimgs/page_2_prd_22_thumb1.jpg'],350ml,개봉전 36개월 / 개봉후 12개월,정제수
스킨퍼펙팅 바하 리퀴드 각질제거제,폴라초이스,"34,000","['내용물의 용량 또는 중량 118ml', '제품 주요 사양 모든피부', '사용기한(또는 개봉 후 사용기간) 24개월 / 12개월', '사용방법 화장솜에 적당량을 덜어 얼굴에 골고루 펴 바릅니다.', '물로 씻어낼 필요가 없습니다.', '화장품제조업자,화장품책임판매업자 및 맞춤형화장품판매업자 화장품제조업자', '제조국 미국', '화장품법에 따라 기재해야 하는 모든 성분 정제수, 글라이콜릭애씨드(5%)(알파파이드록시애씨드/각질제거제), 세틸알코올(질감향상제), 부틸렌글라이콜(보습), 폴리아크릴아마이드(질감향상제), 다이메티콘(보습/질감향상제), 피피지-14부틸에터(질감향상제), 팔미토일헥사펩타이드-12, 세라마이드엔지(피부보충), 테트라하이드로다이페룰로일메탄(피부진정/항산화제), 테트라하이드로디메톡시다이페룰로일메탄(피부진정/항산화제), 테트라하이드로비스디메톡시다이페룰로일메탄(피부진정/항산화제), 에피갈로카테킨갈레이트(항산화제), 살리실릭애씨드(바하각질제거제/피부진정), 다이소듐라우리미노다이프로피오네이트토코페릴포스페이트(비타민E베이스항산화제), 피이지-10피토스테롤(항산화제), 바닐라열매추출물(항산화제), 비사보롤(피부진정), 알란토인(피부진정), 사이클로펜타실록세인(보습), 사이클로헥사실록세인(보습), 다이메티콘올(보습/질감향상제), 트라이베헤닌(질감향상제), C12-15알킬벤조에이트(질감향상제), 피이지-40스테아레이트질감향상제(질감향상제), 솔비탄스테아레이트(질감향상제), 피브이엠/엠에이데카디엔크로스폴리머(질감향상제), 다이소듐이디티에이(안정화제), C13-14아이소파라핀(용제), 라우레스-7(질감향상제), 소듐하이드록사이드(pH조절제), 카프릴릴글라이콜(보존제), 카프릴릭/카프릭트라이글리세라이드(질감향상제), 헥실렌글라이콜(질감향상제), 에틸헥실글리세린(피부컨디셔닝제), 페녹시에탄올(보존제)', '기능성 화장품 식품의약품안전처 심사필 여부 화장품법에 따른 기능성 화장품 심사(또는 보고)를 필함', '사용할 때의 주의사항 1. 화장품 사용 시 또는 사용 후 직사광선에 의하여 사용부위가 붉은 반점, 부어오름 또는 가려움증 등의 이상 증상이나 부작용이 있는 경우에는 전문의 등과 상담할 것', '2. 상처가 있는 부위 등에는 사용을 자제할 것', '3. 보관 및 취급 시 주의사항', '(1) 어린이의 손이 닿지 않는 곳에 보관할 것', '(2) 직사광선을 피해서 보관할 것', '4. 만 3세 이하 영유아에게는 사용하지 말 것', '품질보증기준 본 제품은 공정거래위원회 고시 소비자분쟁해결 기준에 의거 교환 또는 보상받을 수 있습니다.', '소비자상담 전화번호 1661-6656']",['./prdimgs/page_2_prd_23_thumb1.jpg'],118ml,24개월 / 12개월,"정제수, 글라이콜릭애씨드(5%)(알파파이드록시애씨드/각질제거제), 세틸알코올(질감향상제), 부틸렌글라이콜(보습), 폴리아크릴아마이드(질감향상제), 다이메티콘(보습/질감향상제), 피피지-14부틸에터(질감향상제), 팔미토일헥사펩타이드-12, 세라마이드엔지(피부보충), 테트라하이드로다이페룰로일메탄(피부진정/항산화제), 테트라하이드로디메톡시다이페룰로일메탄(피부진정/항산화제), 테트라하이드로비스디메톡시다이페룰로일메탄(피부진정/항산화제), 에피갈로카테킨갈레이트(항산화제), 살리실릭애씨드(바하각질제거제/피부진정), 다이소듐라우리미노다이프로피오네이트토코페릴포스페이트(비타민E베이스항산화제), 피이지-10피토스테롤(항산화제), 바닐라열매추출물(항산화제), 비사보롤(피부진정), 알란토인(피부진정), 사이클로펜타실록세인(보습), 사이클로헥사실록세인(보습), 다이메티콘올(보습/질감향상제), 트라이베헤닌(질감향상제), C12-15알킬벤조에이트(질감향상제), 피이지-40스테아레이트질감향상제(질감향상제), 솔비탄스테아레이트(질감향상제), 피브이엠/엠에이데카디엔크로스폴리머(질감향상제), 다이소듐이디티에이(안정화제), C13-14아이소파라핀(용제), 라우레스-7(질감향상제), 소듐하이드록사이드(pH조절제), 카프릴릴글라이콜(보존제), 카프릴릭/카프릭트라이글리세라이드(질감향상제), 헥실렌글라이콜(질감향상제), 에틸헥실글리세린(피부컨디셔닝제), 페녹시에탄올(보존제)"
