INGR_ENG_NAME,INGR_KOR_NAME
CYCLOTETRASILOXANE,사이클로테트라실록세인
TETRADECENE,테트라데센
METHYL TRIMETHICONE,메틸트라이메티콘
OCTADECANE,옥타데케인
PEG-18,피이지-18
CYCLOHEXASILOXANE,사이클로헥사실록세인
PEG/PPG-6/2 COPOLYMER,피이지/피피지-6/2코폴리머
ETHYL ETHER,에틸에터
HEXANEDIOL,헥산다이올
DIBUTYL ADIPATE,다이부틸아디페이트
DIMETHYL ISOSORBIDE,다이메틸아이소소바이드
HYDROGENATED POLYDECENE,하이드로제네이티드폴리데센
PPG-55 GLYCERYL ETHER,피피지-55글리세릴에터
PERFLUOROPERHYDROPHENANTHRENE,퍼플루오로퍼하이드로페난트렌
ISOOCTANE,아이소옥탄
PERFLUORODIMETHYLCYCLOHEXANE,퍼플루오로다이메틸사이클로헥산
PHENOXYPROPANEDIOL,페녹시프로판다이올
DIOXOLANE,다이옥솔레인
CYCLOPENTASILOXANE,사이클로펜타실록세인
3-METHOXYBUTANOL,3-메톡시부탄올
TRIBUTYL CITRATE,트라이부틸시트레이트
SHARK LIVER OIL,상어간오일
DIETHYL OXALATE,다이에틸옥살레이트
HEXYLENE GLYCOL,헥실렌글라이콜
DIETHOXYETHYL SUCCINATE,다이에톡시에틸석시네이트
ETHYL ACETATE,에틸아세테이트
TRIACETIN,트라이아세틴
TRIETHYL PHOSPHATE,트라이에틸포스페이트
BENZYL BENZOATE,벤질벤조에이트
PROPYLENE GLYCOL BUTYL ETHER,프로필렌글라이콜부틸에터
DIMETHYL SUCCINATE,다이메틸석시네이트
MEK,엠이케이
GLYCERETH-18 BENZOATE,글리세레스-18벤조에이트
XYLENE,자일렌
PENTAFLUOROPROPANE,펜타플루오로프로판
METHOXYISOPROPANOL,메톡시아이소프로판올
SQUALENE,스쿠알렌
DIISOOCTYL ADIPATE,다이아이소옥틸아디페이트
PPG-3,피피지-3
C16-17 ALKYL BENZOATE,C16-17알킬벤조에이트
MIBK,미비케이
C10-12 ALKANE/CYCLOALKANE,C10-12알케인/사이클로알케인
CYCLOHEXANONE,사이클로헥산온
DI-PPG-3 MYRISTYL ETHER ADIPATE,다이-피피지-3미리스틸에터아디페이트
PEG/PPG-200/70 COPOLYMER,피이지/피피지-200/70코폴리머
C14-19 ALKANE,C14-19알케인
TOLUENE,톨루엔
SORBETH-30,솔베스-30
TETRAHYDROFURFURYL ACETATE,테트라하이드로퍼퓨릴아세테이트
C10-18 TRIGLYCERIDES,C10-18트라이글리세라이즈
DIETHYL SEBACATE,다이에틸세바케이트
DIBUTYL OXALATE,다이부틸옥살레이트
ISOBUTYL BENZOATE,아이소부틸벤조에이트
PERFLUORODECALIN,퍼플루오로데칼린
OCTYLDODECANOL,옥틸도데칸올
DIMETHYL PHTHALATE,다이메틸프탈레이트
PEG-4,피이지-4
PEG-240,피이지-240
PERFLUOROPERHYDROBENZYL TETRALIN,퍼플루오로퍼하이드로벤질테트랄린
GLYCERETH-7 LACTATE,글리세레스-7락테이트
METHYLBUTENES,메틸부텐
PPG-7,피피지-7
PEG/PPG-25/30 COPOLYMER,피이지/피피지-25/30코폴리머
PEG-135,피이지-135
ETHYL PYRROLIDONE,에틸피롤리돈
STEARYL BENZOATE,스테아릴벤조에이트
DITRIDECYL ADIPATE,다이트라이데실아디페이트
DECAFLUOROPENTANE,데카플루오로펜탄
CYCLOHEPTASILOXANE,사이클로헵타실록세인
GLYCOL,글라이콜
STYRENE,스타이렌
PEG-60,피이지-60
PPG-67 GLYCERYL ETHER,피피지-67글리세릴에터
PPG-70 GLYCERYL ETHER,피피지-70글리세릴에터
PEG/PPG-10/70 COPOLYMER,피이지/피피지-10/70코폴리머
ISOPROPYL ALCOHOL,아이소프로필알코올
METHYL GLUCETH-20 BENZOATE,메틸글루세스-20벤조에이트
DIISOPROPYL ADIPATE,다이아이소프로필아디페이트
PEG-14,피이지-14
PENTYLENE GLYCOL,펜틸렌글라이콜
METHOXYISOPROPYL ACETATE,메톡시아이소프로필아세테이트
ETHYL HEXANEDIOL,에틸헥산다이올
PENTANE,펜탄
MUSTELIC/PALMITIC TRIGLYCERIDE,무스텔릭/팔미틱트라이글리세라이드
DIPROPYLENE GLYCOL,다이프로필렌글라이콜
PPG-7-BUTETH-4,피피지-7-부테스-4
BUTOXYETHYL ACETATE,부톡시에틸아세테이트
ETHYLHEXYL ACETATE,에틸헥실아세테이트
OCTANE,옥탄
C11-14 ALKANE/CYCLOALKANE,C11-14알케인/사이클로알케인
DIOCTYLDODECYL SEBACATE,다이옥틸도데실세바케이트
ETHYL PERFLUOROBUTYL ETHER,에틸퍼플루오로부틸에터
PEG-150,피이지-150
METHYL ACETATE,메틸아세테이트
HEXYLDODECYL SALICYLATE,헥실도데실살리실레이트
PROPYL TRIMETHICONE,프로필트라이메티콘
C15-23 ALKANE,C15-23알케인
METHOXY PEG-100,메톡시피이지-100
ETHOXYDIGLYCOL,에톡시다이글라이콜
PPG-10 BUTANEDIOL,피피지-10부탄다이올
MINERAL SPIRITS,미네랄스피리트
TRIMETHYL PENTANOL HYDROXYETHYL ETHER,트라이메틸펜타놀하이드록시에틸에터
DITRIMETHYLOLPROPANE ISOSTEARATE/SEBACATE,다이트라이메틸롤프로판아이소스테아레이트/세바케이트
AMYL ACETATE,아밀아세테이트
HEXANEDIOL/ADIPATE/CITRATE CROSSPOLYMER,헥산다이올/아디페이트/시트레이트크로스폴리머
ISOPROPYLPHTHALIMIDE,아이소프로필프탈이미드
C15-19 ALKANE,C15-19알케인
HYDROXYPROPYLENE CARBONATE,하이드록시프로필렌카보네이트
OCTYLDODECYL METHOXYCRYLENE,옥틸도데실메톡시크릴렌
SD ALCOHOL 27-B,변성알코올27-B
SD ALCOHOL 39-A,변성알코올39-A
SD ALCOHOL 39-C,변성알코올39-C
SD ALCOHOL 39-D,변성알코올39-D
SD ALCOHOL 46,변성알코올46
SD ALCOHOL 38-F,변성알코올38-F
SD ALCOHOL 40-A,변성알코올40-A
METHYL ISOBUTYL GLYCEROL FORMAL,메틸아이소부틸글리세롤폼알
SD ALCOHOL 30,변성알코올30
SD ALCOHOL 37,변성알코올37
SD ALCOHOL 36,변성알코올36
SD ALCOHOL 38-C,변성알코올38-C
SD ALCOHOL 38-D,변성알코올38-D
DECENE,데센
N-BUTYL ALCOHOL,부틸알코올
METHOXY PEG-7,메톡시피이지-7
METHYL SUNFLOWERSEEDATE,메틸선플라워씨데이트
DIACETIN,다이아세틴
BUTYL LACTATE,부틸락테이트
C6-12 PERFLUOROALKYLETHANOL,C6-12퍼플루오로알킬에탄올
METHOXY PEG-16,메톡시피이지-16
ETHYLHEXYL BENZOATE,에틸헥실벤조에이트
METHYL PYRROLIDONE,메틸피롤리돈
PEG/PPG-7/50 COPOLYMER,피이지/피피지-7/50코폴리머
C9-10 ALKANE/CYCLOALKANE,C9-10알케인/사이클로알케인
C10-11 AROMATIC HYDROCARBONS,C10-11아로마틱하이드로카본
C9-13 ISOALKANE,C9-13아이소알케인
C10-12 ISOALKANE,C10-12아이소알케인
DIISOCETYL ADIPATE,다이아이소세틸아디페이트
TRICHLOROETHANE,트라이클로로에탄
ISOPENTANE,아이소펜탄
PPG-2 PROPYL ETHER,피피지-2프로필에터
PEG/PPG-38/8 COPOLYMER,피이지/피피지-38/8코폴리머
DIISODECYL ADIPATE,다이아이소데실아디페이트
PPG-15-BUTETH-20,피피지-15-부테스-20
PEG-10,피이지-10
BIS-ETHOXYDIGLYCOL SUCCINATE,비스-에톡시다이글라이콜석시네이트
PROPYLENE GLYCOL,프로필렌글라이콜
METHYL ALCOHOL,메틸알코올
C9-14 ISOALKANE,C9-14아이소알케인
COCOYL METHYL GLUCAMIDE,코코일메틸글루카마이드
PETROLEUM DISTILLATES,페트롤레움다이스틸레이트
GLYCERETH-7 TRIACETATE,글리세레스-7트라이아세테이트
HYDROGENATED TETRADECENYL/METHYLPENTADECENE,하이드로제네이티드테트라데세닐/메틸펜타데센
DIPENTAERYTHRITYL PENTAISOSTEARATE,다이펜타에리스리틸펜타아이소스테아레이트
DIETHYL PHTHALATE,다이에틸프탈레이트
"1,2,6-HEXANETRIOL","1,2,6-헥산트라이올"
ISOPROPYL ACETATE,아이소프로필아세테이트
MIXED TERPENES,혼합터펜
C12-18 ACID TRIGLYCERIDE,C12-18애씨드트라이글리세라이드
PEG-400,피이지-400
CYCLOHEXANE,사이클로헥세인
BUTYLOCTYL BENZOATE,부틸옥틸벤조에이트
THIOLANEDIOL,티올란다이올
PEG-8,피이지-8
BUTYLENE GLYCOL PROPIONATE,부틸렌글라이콜프로피오네이트
HEPTANE,헵탄
PEG-40,피이지-40
C11-15 ALKANE/CYCLOALKANE,C11-15알케인/사이클로알케인
PERFLUOROMETHYLCYCLOPENTANE,퍼플루오로메틸사이클로펜탄
PROPYLENE GLYCOL PROPYL ETHER,프로필렌글라이콜프로필에터
C9-12 ALKANE,C9-12알케인
PROPANEDIOL DICAPRYLATE,프로판다이올다이카프릴레이트
PEG-350,피이지-350
ETHYL GLYCERIN ACETAL LEVULINATE,에틸글리세린아세탈레불리네이트
CRYPTOMERIA JAPONICA BARK EXTRACT,삼나무껍질추출물
HEXYLOXYETHANOL,헥실옥시에탄올
PEG/PPG-15/15 ACETATE,피이지/피피지-15/15아세테이트
SD ALCOHOL 3-A,변성알코올3-A
POLYGLYCERYL-10 CAPRYLATE/CAPRATE,폴리글리세릴-10카프릴레이트/카프레이트
PEG/PPG-125/30 COPOLYMER,피이지/피피지-125/30코폴리머
DEODORIZED KEROSENE,디오도라이즈드케로신
PEG/PPG-160/31 COPOLYMER,피이지/피피지-160/31코폴리머
C14-20 ALKANE,C14-20알케인
DIISOBUTYL ADIPATE,다이아이소부틸아디페이트
"1,2-HEXANEDIOL","1,2-헥산다이올"
C13-14 ALKANE,C13-14알케인
PPG-25-GLYCERETH-22,피피지-25-글리세레스-22
CAPRYLIC/CAPRIC TRIGLYCERIDE,카프릴릭/카프릭트라이글리세라이드
SD ALCOHOL 38-B,변성알코올38-B
POLYGLYCERYL-3 CAPRATE/CAPRYLATE/SUCCINATE,폴리글리세릴-3카프레이트/카프릴레이트/석시네이트
PROPYLENE GLYCOL DIHEPTANOATE,프로필렌글라이콜다이헵타노에이트
DIISONONYL ADIPATE,다이아이소노닐아디페이트
DIMETHYL CAPRAMIDE,다이메틸카프라마이드
ISOPROPYL CITRATE,아이소프로필시트레이트
PEG-80,피이지-80
ISOSTEARYL GLYCOLATE,아이소스테아릴글라이콜레이트
METHYL LACTATE,메틸락테이트
PEG-450,피이지-450
METHYL HEXYL ETHER,메틸헥실에터
HYDROGENATED FARNESENE,하이드로제네이티드파네신
POLYGLYCERYL-4 LAURATE/SEBACATE,폴리글리세릴-4라우레이트/세바케이트
C9-11 ISOALKANE,C9-11아이소알케인
C9-16 ISOALKANE,C9-16아이소알케인
C7-8 ISOALKANE,C7-8아이소알케인
C12-20 ISOALKANE,C12-20아이소알케인
C13-16 ISOALKANE,C13-16아이소알케인
METHYL OLEATE/PALMITATE/LINOLEATE/STEARATE,메틸올리에이트/팔미테이트/리놀리에이트/스테아레이트
SD ALCOHOL 23-F,변성알코올23-F
SD ALCOHOL 39-B,변성알코올39-B
SD ALCOHOL 31-A,변성알코올31-A
SD ALCOHOL 40-C,변성알코올40-C
C18-24 ISOALKANE,C18-24아이소알케인
C8-9 ISOALKANE,C8-9아이소알케인
C11-14 ISOALKANE,C11-14아이소알케인
NITROUS ACID,나이트러스애씨드
PEG-6,피이지-6
C14-22 ALKANE,C14-22알케인
PPG-3 BENZYL ETHER MYRISTATE,피피지-3벤질에터미리스테이트
"1,2-BUTANEDIOL","1,2-부탄다이올"
"1,4-BUTANEDIOL","1,4-부탄다이올"
TRIMETHYLHEXANOL,트라이메틸헥산올
"1,5-PENTANEDIOL","1,5-펜탄다이올"
GLYCERIN,글리세린
C10-13 ALKANE,C10-13알케인
DICAPRYLYL ETHER,다이카프릴릴에터
PEG-6 METHYL ETHER,피이지-6메틸에터
PPG-2 BUTYL ETHER,피피지-2부틸에터
DIMETHYL ETHER,다이메틸에터
C8-12 ACID TRIGLYCERIDE,C8-12애씨드트라이글리세라이드
OLEYL ALCOHOL,올레일알코올
PEG-45,피이지-45
PEG-75,피이지-75
DIBUTYL SEBACATE,다이부틸세바케이트
PPG-2-BUTETH-3,피피지-2-부테스-3
ERYTHRITYL TRIETHYLHEXANOATE,에리스리틸트라이에틸헥사노에이트
TETRAHYDROFURFURYL ALCOHOL,테트라하이드로퍼퓨릴알코올
METHOXY PEG-40,메톡시피이지-40
DIETHYLENE GLYCOL,다이에틸렌글라이콜
ALCOHOL,에탄올
PEG-80 HYDROGENATED GLYCERYL PALMATE,피이지-80하이드로제네이티드글리세릴팔메이트
GLYCOFUROL,글라이코퓨롤
PERFLUOROHEXANE,퍼플루오로헥산
PEG/PPG-19/21 COPOLYMER,피이지/피피지-19/21코폴리머
EICOSANE,에이코세인
SORBETH-40,솔베스-40
PEG-220,피이지-220
PHOSPHATE BUFFERED SALINE,포스페이트버퍼드셀라인
HEXENE,헥센
HEXYLDECYL BENZOATE,헥실데실벤조에이트
PPG-5-BUTETH-7,피피지-5부테스-7
BUTYLENE GLYCOL,부틸렌글라이콜
METHOXY PEG-10,메톡시피이지-10
PEG-32,피이지-32
PEG-7 METHYL ETHER,피이지-7메틸에터
FUSEL WHEAT BRAN/STRAW GLYCOSIDES,퓨젤위트브랜/스트로글라이코사이드
NEOPENTYL GLYCOL,네오펜틸글라이콜
PEG-55,피이지-55
PEG-15 BUTANEDIOL,피이지-15부탄다이올
CYCLOETHOXYMETHICONE,사이클로에톡시메티콘
ISOPENTYLDIOL,아이소펜틸다이올
PEG/PPG-18/4 COPOLYMER,피이지/피피지-18/4코폴리머
DIETHYL SUCCINATE,다이에틸석시네이트
DI-C12-15 ALKYL MALEATE,다이-C12-15알킬말레이트
DIBUTYLOCTYL MALATE,다이부틸옥틸말레이트
METHYLPROPANEDIOL,메틸프로판다이올
OCTENE,옥텐
DECANE,데케인
ETHYLENE CARBONATE,에틸렌카보네이트
LIMONENE,리모넨
GLYCERETH-20 BENZOATE,글리세레스-20벤조에이트
PEG-3 METHYL ETHER,피이지-3메틸에터
HEXADECENE,헥사데센
DIETHOXYDIGLYCOL,다이에톡시다이글라이콜
BUTYROLACTONE,부티로락톤
PROPANEDIOL,프로판다이올
BENZYL LAURATE/MYRISTATE/PALMITATE,벤질라우레이트/미리스테이트/팔미테이트
OCTADECENE,옥타데센
CYCLOMETHICONE,사이클로메티콘
GLYCERETH-7 BENZOATE,글리세레스-7벤조에이트
PPG-3 CAPRYLYL ETHER,피피지-3카프릴릴에터
"TRIMETHYL-1,3-PENTANEDIOL","트라이메틸-1,3-펜탄다이올"
PEG-500,피이지-500
DIMETHYL CARBONATE,다이메틸카보네이트
C9-10 AROMATIC HYDROCARBONS,C9-10아로마틱하이드로카본
ETHYL LACTATE,에틸락테이트
DIISOAMYL MALATE,다이아이소아밀말레이트
DIBUTYLOCTYL SEBACATE,다이부틸옥틸세바케이트
POLYPERFLUOROETHOXYMETHOXY DIFLUOROMETHYL ETHER,폴리퍼플루오로에톡시메톡시다이플루오로메틸에터
BENZYL GLYCOL,벤질글라이콜
BUTYLOCTANOL,부틸옥탄올
DIISOPROPYL SEBACATE,다이아이소프로필세바케이트
PEG/PPG-8/55 COPOLYMER,피이지/피피지-8/55코폴리머
PEG/PPG-116/66 COPOLYMER,피이지/피피지-116/66코폴리머
PEG/PPG-10/30 COPOLYMER,피이지/피피지-10/30코폴리머
GLYCERETH-7 DIISONONANOATE,글리세레스-7다이아이소노나노에이트
BUTOXYDIGLYCOL,부톡시다이글라이콜
DIMETHYL SULFONE,다이메틸설폰
ETHYL PERFLUOROISOBUTYL ETHER,에틸퍼플루오로아이소부틸에터
TRIMETHYLOLPROPANE,트라이메틸올프로판
PEG/PPG-23/50 COPOLYMER,피이지/피피지-23/50코폴리머
PEG/PPG-35/9 COPOLYMER,피이지/피피지-35/9코폴리머
METHYL PERFLUOROBUTYL ETHER,메틸퍼플루오로부틸에터
PEG-33,피이지-33
PROPYL ACETATE,프로필아세테이트
PPG-2 METHYL ETHER,피피지-2메틸에터
PPG-2 METHYL ETHER ACETATE,피피지-2메틸에터아세테이트
HYDROGENATED POLYDODECENE,하이드로제네이티드폴리도데센
DIMETHYL MALEATE,다이메틸말리에이트
PEG-4 METHYL ETHER,피이지-4메틸에터
ISOBUTYL ACETATE,아이소부틸아세테이트
SORBETH-20,솔베스-20
DIISOPROPYL OXALATE,다이아이소프로필옥살레이트
PEG/PPG-4/2 COPOLYMER,피이지/피피지-4/2코폴리머
C18-21 ALKANE,C18-21알케인
PEG/PPG-30/33 COPOLYMER,피이지/피피지-30/33코폴리머
PEG-180,피이지-180
METHOXY PEG-25,메톡시피이지-25
PPG-10 GLYCERYL ETHER,피피지-10글리세릴에터
ACETONE,아세톤
C13-15 ALKANE,C13-15알케인
T-BUTYL ALCOHOL,t-부틸알코올
PEG-2 BENZYL ETHER,피이지-2벤질에터
PEG-12,피이지-12
DIHEXYLDECYL SEBACATE,다이헥실데실세바케이트
CROTAMITON,크로타미톤
C9-11 ALKANE/CYCLOALKANE,C9-11알케인/사이클로알케인
BENZYL LAURATE,벤질라우레이트
METHYLAL,메틸알
DIPROPYLENE GLYCOL DIMETHYL ETHER,다이프로필렌글라이콜다이메틸에터
PEG-100,피이지-100
BUTYLOCTYL SALICYLATE,부틸옥틸살리실레이트
DIETHYLHEXYL SEBACATE,다이에틸헥실세바케이트
DIPROPYL ADIPATE,다이프로필아디페이트
PEG/PPG-5/30 COPOLYMER,피이지/피피지-5/30코폴리머
METHOXYMETHYLBUTANOL,메톡시메틸부탄올
DIETHYLHEXYL ADIPATE,다이에틸헥실아디페이트
TRIBUTYLCRESYLBUTANE,트라이부틸크레실부탄
PEG-200,피이지-200
METHYL PERFLUOROISOBUTYL ETHER,메틸퍼플루오로아이소부틸에터
PPG-24-GLYCERETH-24,피피지-24-글리세레스-24
CHLORINATED PARAFFIN,클로리네이티드파라핀
PEG/PPG-8/17 COPOLYMER,피이지/피피지-8/17코폴리머
PEG-90,피이지-90
PEG-7,피이지-7
PPG-12-BUTETH-16,피피지-12-부테스-16
PPG-3-BUTETH-5,피피지-3-부테스-5
FURFURAL,퍼퓨랄
PROPYLENE CARBONATE,프로필렌카보네이트
HEXYL ALCOHOL,헥실알코올
PEG-10 PROPYLENE GLYCOL,피이지-10프로필렌글라이콜
BUTYL ETHYLPROPANEDIYL ETHYLHEXANOATE,부틸에틸프로판다이일에틸헥사노에이트
PHENOXYISOPROPANOL,페녹시이소프로판올
ISOEICOSANE,아이소에이코산
DIISOBUTYL OXALATE,다이아이소부틸옥살레이트
PEG/PPG-17/6 COPOLYMER,피이지/피피지-17/6코폴리머
PEG-9,피이지-9
DODECENE,도데센
PEG/PPG-26/31 COPOLYMER,피이지/피피지-26/31코폴리머
"2,3-BUTANEDIOL","2,3-부탄다이올"
PEG/PPG-200/40 COPOLYMER,피이지/피피지-200/40코폴리머
BENZYL ALCOHOL,벤질알코올
BUTYL ACETATE,부틸아세테이트
DIHEXYL ADIPATE,다이헥실아디페이트
PPG-6,피피지-6
GLYCERETH-5 LACTATE,글리세레스-5락테이트
C12-13 ALKANE/CYCLOALKANE,C12-13알케인/사이클로알케인
C20-40 ISOALKANE,C20-40아이소알케인
ETHYLAL,에틸알
SD ALCOHOL 3-B,변성알코올3-B
SD ALCOHOL 3-C,변성알코올3-C
STEARETH-12,스테아레스-12
SD ALCOHOL 1,변성알코올1
HUMAN UMBILICAL MESENCHYMAL STEM CELL CONDITIONED MEDIA EXTRACT,인체제대중간엽줄기세포배양액추출물
PPG-20-BUTETH-30,피피지-20부테스-30
TETRADECYLPROPIONATES,테트라데실프로피오네이트
DIACETONE ALCOHOL,다이아세톤알코올
DIHEPTYLUNDECYL ADIPATE,다이헵틸운데실아디페이트
DIMETHYL GLUTARATE,다이메틸글루타레이트
ETHOXYDIGLYCOL ACETATE,에톡시다이글라이콜아세테이트
PEG/PPG-240/60 COPOLYMER,피이지/피피지-240/60코폴리머
PEG/PPG-1/2 COPOLYMER,피이지/피피지-1/2코폴리머
C8-10 ALKANE/CYCLOALKANE/AROMATIC HYDROCARBONS,C8-10알케인/사이클로알케인/아로마틱하이드로카본
ALCOHOL DENAT.,변성알코올
METHYL BENZOATE,메틸벤조에이트
COCONUT ALKANES,코코넛알칸
SD ALCOHOL 40,변성알코올40
SD ALCOHOL 40-B,에스디알코올40-B
SD ALCOHOL 23-A,변성알코올23-A
SD ALCOHOL 23-H,변성알코올23-H
SD ALCOHOL 39,변성알코올39
PPG-3 BUTYL ETHER,피피지-3부틸에터
PERFLUOROTETRALIN,퍼플로오로테트랄린
ECHIUM PLANTAGINEUM SEED OIL,에키움 플란타기네움씨오일
ISOAMYL ACETATE,아이소아밀아세테이트
DIPHENYL METHANE,다이페닐메탄
ISODODECANE,아이소도데케인
DIETHYLHEXYL SUCCINATE,다이에틸헥실석시네이트
PEG/PPG-23/17 COPOLYMER,피이지/피피지-23/17코폴리머
C12-15 ALKANE/CYCLOALKANE/AROMATIC HYDROCARBONS,C12-15알케인/사이클로알케인/아로마틱하이드로카본
PROPYLENE GLYCOL T-BUTYL ETHER,프로필렌글라이콜t-부틸에터
BUTETH-3,부테스-3
PHENYLPROPANOL,페닐프로판올
PPG-3 METHYL ETHER,피피지-3메틸에터
PEG-16,피이지-16
SORBETH-6,솔베스-6
ISOHEXADECANE,아이소헥사데칸
PEG-200 HYDROGENATED GLYCERYL PALMATE,피이지-200하이드로제네이티드글리세릴팔메이트
"DIETHYLHEXYL 2,6-NAPHTHALATE","다이에틸헥실2,6-나프탈레이트"
C14-17 ALKANE,C14-17알케인
DIMETHYL OXALATE,다이메틸옥살레이트
PERFLUOROCAPRYLYL BROMIDE,퍼플루오로카프릴일브로마이드
PPG-7-BUTETH-10,피피지-7-부테스-10
DIPROPYL OXALATE,다이프로필옥살레이트
DI-C12-15 ALKYL FUMARATE,다이-C12-15알킬푸마레이트
CAPRYLOYL/CAPROYL ANHYDRO METHYL GLUCAMIDE,카프릴로일/카프로일안하이드로메틸글루카마이드
COLLAGEN WATER,콜라겐수
BIS-MERCAPTOPROPYL DIMETHICONE,비스-머캅토프로필다이메티콘
PPG-10 CAPRYLYL ETHER,피피지-10카프릴릴에터
OCOTEA QUIXOS LEAF OIL,아메리카시나몬잎오일
C10-11 ISOALKANE,C10-11아이소알케인
C13-14 ISOALKANE,C13-14아이소알케인
C11-12 ISOALKANE,C11-12아이소알케인
C9-16 ALKANE/CYCLOALKANE,C9-16알케인/사이클로알케인
HIPPOPHAE RHAMNOIDES FRUIT WATER,비타민나무열매수
PEG-2 PHENYL ETHER,피이지-2페닐에터
C10-13 ISOALKANE,C10-13아이소알케인
C11-13 ISOALKANE,C11-13아이소알케인
C12-14 ISOALKANE,C12-14아이소알케인
ISOBUTOXYPROPANOL,아이소부톡시프로판올
DIMETHYL ADIPATE,다이메틸아디페이트
"1,10-DECANEDIOL","1,10-데칸다이올"
NITRIC ACID,나이트릭애씨드
CHLOROTRIFLUOROPROPENE,클로로트라이플루오로프로펜
SUNFLOWEROYL METHYLGLUCAMIDE,선플라워로일메틸글루카마이드
PEG-40 METHYL ETHER,피이지-40메틸에터
PEG-12 GLYCERYL LINOLEATE,피이지-12글리세릴리놀리에이트
XYLYL PHENYLETHANE,자일릴페닐에탄
"POLY(1,2-BUTANEDIOL)-6 PROPYLENE GLYCOL","폴리(1,2-부탄다이올)-6프로필렌글라이콜"
CD ALCOHOL 19,변성알코올19
2-ETHYLHEXYLAL,2-에틸헥실알
DICAPRYLYL MALEATE,다이카프릴릴말레이트
PROPYL ALCOHOL,프로필알코올
PEG-20,피이지-20
TRIETHYL CITRATE,트라이에틸시트레이트
HEXAMIDINE DIPARABEN,헥사미딘다이파라벤
TRICLOCARBAN,트리클로카반
CETRIMONIUM BROMIDE,세트리모늄브로마이드
P-CHLORO-M-CRESOL,p-클로로-m-크레졸
MYRISTALKONIUM CHLORIDE,미리스탈코늄클로라이드
SODIUM PROPIONATE,소듐프로피오네이트
PROPIONIC ACID,프로피오닉애씨드
LAURALKONIUM CHLORIDE,라우랄코늄클로라이드
BENZOIC ACID,벤조익애씨드
SODIUM METHYLPARABEN,소듐메틸파라벤
ETHYLPARABEN,에틸파라벤
ETHYL BENZOATE,에틸벤조에이트
CETEARALKONIUM BROMIDE,세탈코늄브로마이드
STEARALKONIUM CHLORIDE,스테아랄코늄클로라이드
TEA-UNDECYLENATE,티이에이-운데실레네이트
MEA-UNDECYLENATE,엠이에이-운데실레네이트
POTASSIUM BENZOATE,포타슘벤조에이트
CHLORHEXIDINE DIACETATE,클로헥시딘다이아세테이트
LAURALKONIUM BROMIDE,라우랄코늄브로마이드
PHENOXYETHANOL,페녹시에탄올
PHENYL BENZOATE,페닐벤조에이트
SODIUM ETHYLPARABEN,소듐에틸파라벤
SALICYLIC ACID,살리실릭애씨드
SODIUM DEHYDROACETATE,소듐데하이드로아세테이트
IODOPROPYNYL BUTYLCARBAMATE,아이오도프로피닐부틸카바메이트
AMMONIUM SILVER ZINC ALUMINUM SILICATE,암모늄은아연알루미늄실리케이트
"2-BROMO-2-NITROPROPANE-1,3-DIOL","2-브로모-2-나이트로프로판-1,3-디올"
ISOPROPYL BENZOATE,아이소프로필벤조에이트
BENZYLHEMIFORMAL,벤질헤미포름알
PHENYL MERCURIC BROMIDE,페닐머큐릭브로마이드
IMIDAZOLIDINYL UREA,이미다졸리디닐우레아
HEXAMIDINE PARABEN,헥사미딘파라벤
LAURTRIMONIUM CHLORIDE,라우트라이모늄클로라이드
BENZALKONIUM SACCHARINATE,벤잘코늄사카리네이트
CALCIUM PARABEN,칼슘파라벤
METHYLCHLOROISOTHIAZOLINONE,메칠클로로이소치아졸리논
FORMIC ACID,포믹애씨드
PIROCTONE OLAMINE,피록톤올아민
CAPRYLYLOXYPHENYLAMINO DIMETHYLTETRAHYDRO BENZOTHIAZINE CARBOXYLIC ACID,카프릴릴옥시페닐아미노다이메틸테트라하이드로벤조티아진카복실릭애씨드
METHYLPARABEN,메틸파라벤
SODIUM HYDROXYMETHYLGLYCINATE,소듐하이드록시메칠글리시네이트
SODIUM BUTYLPARABEN,소듐부틸파라벤
BEHENTRIMONIUM CHLORIDE,베헨트라이모늄클로라이드
N-OLEYL HYDROXYHEXANAMIDE,N-올레일하이드록시헥산아마이드
LACTOBACILLUS/RADISH ROOT FERMENT FILTRATE,락토바실러스/무뿌리발효여과물
DMDM HYDANTOIN,디엠디엠하이단토인
THIMEROSAL,티메로살
BUTYLPARABEN,부틸파라벤
SILVER CITRATE,실버시트레이트
SODIUM PHOSPHORUS/ZINC/CALCIUM/SILICON/ALUMINUM/SILVER OXIDES,소듐포스포러스/징크/칼슘/실리콘/알루미늄/실버옥사이드
CALCIUM PROPIONATE,칼슘프로피오네이트
STEARTRIMONIUM BROMIDE,스테아트라이모늄브로마이드
PHENYL MERCURIC BENZOATE,페닐머큐릭벤조에이트
LAURTRIMONIUM BROMIDE,라우트라이모늄브로마이드
SODIUM PARABEN,소듐파라벤
ETHYL LAUROYL ARGINATE HCL,에칠라우로일알지네이트하이드로클로라이드
CHLOROPHENE,클로로펜
COCOTRIMONIUM CHLORIDE,코코트라이모늄클로라이드
STEARTRIMONIUM CHLORIDE,스테아트라이모늄클로라이드
POLYAMINOPROPYL BIGUANIDE,폴리아미노프로필바이구아나이드
TALLOWTRIMONIUM CHLORIDE,탈로우트라이모늄클로라이드
CETALKONIUM CHLORIDE,세탈코늄클로라이드
SODIUM MANNITYLPHYTATE,소듐만니틸파이테이트
PHENETHYL PHENOXY METHYLDIHYDROPYRROLOQUINOLINE HCL,페네틸페녹시메틸다이하이드로피롤로퀴놀린에이치씨엘
ISOPROPYLPARABEN,아이소프로필파라벤
PAPENFUSSIELLA KUROMO EXTRACT,연두털말추출물
MAGNESIUM SALICYLATE,마그네슘살리실레이트
MOLYBDIC ACID,몰리브딕애씨드
METHYLISOTHIAZOLINONE,메칠이소치아졸리논
POTASSIUM PROPYLPARABEN,포타슘프로필파라벤
SODIUM SALICYLATE,소듐살리실레이트
HEXAMIDINE,헥사미딘
AMMONIUM BENZOATE,암모늄벤조에이트
THIAMINE BIS-LAURYLSULFATE,티아민비스-라우릴설페이트
MURRAYA KOENIGII LEAF OIL,커리리프트리잎오일
ZINC PYRITHIONE,징크피리치온
HEXETIDINE,헥세티딘
UNDECYLENIC ACID,운데실레닉애씨드
HYDROGENATED TALLOWALKONIUM CHLORIDE,하이드로제네이티드탈로우알코늄클로라이드
GLUTARAL,글루타랄
POTASSIUM PROPIONATE,포타슘프로피오네이트
POTASSIUM SALICYLATE,포타슘살리실레이트
POTASSIUM UNDECYLENATE,포타슘운데실레네이트
METHENAMINE,메텐아민
CALCIUM SORBATE,칼슘솔베이트
BENZETHONIUM CHLORIDE,벤제토늄클로라이드
BENZALKONIUM CHLORIDE,벤잘코늄클로라이드
POTASSIUM SULFITE,포타슘설파이트
SODIUM UNDECYLENATE,소듐운데실레네이트
PHENYL MERCURIC BORATE,페닐머큐릭보레이트
POTASSIUM SORBATE,포타슘솔베이트
SODIUM BENZOATE,소듐벤조에이트
TEA-SALICYLATE,티이에이-살리실레이트
SODIUM SULFITE,소듐설파이트
CHLORHEXIDINE,클로헥시딘
POTASSIUM PARABEN,포타슘파라벤
POTASSIUM BUTYLPARABEN,포타슘부틸파라벤
MEA-BENZOATE,엠이에이-벤조에이트
CHLOROBUTANOL,클로로부탄올
TEA-SORBATE,티이에이-솔베이트
SOYTRIMONIUM CHLORIDE,소이트라이모늄클로라이드
PROPYL BENZOATE,프로필벤조에이트
COCOALKONIUM CHLORIDE,코코알코늄클로라이드
7-ETHYLBICYCLOOXAZOLIDINE,7-에틸바이사이클로옥사졸리딘
PHENYL MERCURIC CHLORIDE,페닐머큐릭클로라이드
DIAZOLIDINYL UREA,디아졸리디닐우레아
TRICLOSAN,트리클로산
CHLOROXYLENOL,클로로자일레놀
DICHLOROBENZYL ALCOHOL,다이클로로벤질알코올
DEHYDROACETIC ACID,데하이드로아세틱애씨드
SODIUM SORBATE,소듐솔베이트
HEXAMIDINE DIISETHIONATE,헥사미딘다이이세티오네이트
SILVER CHLORIDE,실버클로라이드
CALCIUM UNDECYLENATE,칼슘운데실레네이트
SODIUM METABISULFITE,소듐메타바이설파이트
CHLORPHENESIN,클로페네신
TALLOWALKONIUM CHLORIDE,탈로우알코늄클로라이드
MEA-SALICYLATE,엠이에이-살리실레이트
CHLORHEXIDINE DIGLUCONATE,클로헥시딘다이글루코네이트
AMMONIUM PROPIONATE,암모늄프로피오네이트
SODIUM PROPYLPARABEN,소듐프로필파라벤
POTASSIUM ETHYLPARABEN,포타슘에틸파라벤
CALCIUM BENZOATE,칼슘벤조에이트
SODIUM BISULFITE,소듐바이설파이트
SODIUM FORMATE,소듐포메이트
BENZALKONIUM BROMIDE,벤잘코늄브로마이드
ISOPROPYL CRESOLS,아이소프로필크레솔
BUTYL BENZOATE,부틸벤조에이트
CHLORHEXIDINE DIHYDROCHLORIDE,클로헥시딘다이하이드로클로라이드
QUATERNIUM-15,쿼터늄-15
SORBIC ACID,소르빅애씨드
MAGNESIUM PROPIONATE,마그네슘프로피오네이트
"5-BROMO-5-NITRO-1,3-DIOXANE","5-브로모-5-나이트로-1,3-디옥산"
MYRTRIMONIUM BROMIDE,미르트라이모늄브로마이드
BROMOCHLOROPHENE,브로모클로로펜
4-HYDROXYBENZOIC ACID,4-하이드록시벤조익애씨드
O-PHENYLPHENOL,o-페닐페놀
SODIUM IODATE,소듐아이오데이트
CASSYTHA FILIFORMIS POWDER,폴스도더가루
CLIMBAZOLE,클림바졸
MAGNESIUM BENZOATE,마그네슘벤조에이트
AMMONIUM SULFITE,암모늄설파이트
DIMETHYL OXAZOLIDINE,디메칠옥사졸리딘
MYRISTALKONIUM SACCHARINATE,미리스탈코늄사카리네이트
CALCIUM SALICYLATE,칼슘살리실레이트
SODIUM ISOPROPYLPARABEN,소듐아이소프로필파라벤
CETRIMONIUM CHLORIDE,세트리모늄클로라이드
ALPINIA SPECIOSA FLOWER/LEAF/SEED/STEM EXTRACT,월도꽃/잎/씨/줄기추출물
POTASSIUM METHYLPARABEN,포타슘메틸파라벤
PROPYLPARABEN,프로필파라벤
HYDROGENATED PALMTRIMONIUM CHLORIDE,하이드로제네이티드팜트라이모늄클로라이드
CETEARTRIMONIUM CHLORIDE,세테아트라이모늄클로라이드
EGG SHELL MEMBRANE EXTRACT,난각막추출물
O-CYMEN-5-OL,o-사이멘-5-올
POTASSIUM METABISULFITE,포타슘메타바이설파이트
HYDROGENATED TALLOWTRIMONIUM CHLORIDE,하이드로제네이티드탈로우트라이모늄클로라이드
